,timestamp,appliance_name,bid_price,bid_quantity,S_D
0,2016-07-01 00:00:00,EV_1,100.0,7.0,D
1,2016-07-01 00:00:00,EV_2,100.0,14.0,D
2,2016-07-01 00:00:00,EV_3,100.0,20.0,D
3,2016-07-01 00:00:00,EV_4,100.0,10.0,D
4,2016-07-01 00:00:00,EV_5,100.0,14.0,D
5,2016-07-01 00:00:00,EV_6,100.0,20.0,D
6,2016-07-01 00:05:00,EV_1,100.0,7.0,D
7,2016-07-01 00:05:00,EV_2,100.0,14.0,D
8,2016-07-01 00:05:00,EV_3,100.0,20.0,D
9,2016-07-01 00:05:00,EV_4,100.0,10.0,D
10,2016-07-01 00:05:00,EV_5,100.0,14.0,D
11,2016-07-01 00:05:00,EV_6,100.0,20.0,D
12,2016-07-01 00:10:00,EV_1,100.0,7.0,D
13,2016-07-01 00:10:00,EV_2,100.0,14.0,D
14,2016-07-01 00:10:00,EV_3,100.0,20.0,D
15,2016-07-01 00:10:00,EV_4,100.0,10.0,D
16,2016-07-01 00:10:00,EV_5,100.0,14.0,D
17,2016-07-01 00:10:00,EV_6,100.0,20.0,D
18,2016-07-01 00:15:00,EV_1,100.0,7.0,D
19,2016-07-01 00:15:00,EV_2,100.0,14.0,D
20,2016-07-01 00:15:00,EV_3,100.0,20.0,D
21,2016-07-01 00:15:00,EV_4,97.98473273600001,9.709200000000001,D
22,2016-07-01 00:15:00,EV_5,100.0,14.0,D
23,2016-07-01 00:15:00,EV_6,100.0,20.0,D
24,2016-07-01 00:20:00,EV_1,100.0,7.0,D
25,2016-07-01 00:20:00,EV_2,100.0,14.0,D
26,2016-07-01 00:20:00,EV_3,100.0,20.0,D
27,2016-07-01 00:20:00,EV_5,100.0,14.0,D
28,2016-07-01 00:20:00,EV_6,100.0,20.0,D
29,2016-07-01 00:25:00,EV_1,100.0,7.0,D
30,2016-07-01 00:25:00,EV_2,100.0,14.0,D
31,2016-07-01 00:25:00,EV_3,100.0,20.0,D
32,2016-07-01 00:25:00,EV_6,100.0,20.0,D
33,2016-07-01 00:30:00,EV_1,100.0,7.0,D
34,2016-07-01 00:30:00,EV_2,100.0,14.0,D
35,2016-07-01 00:30:00,EV_3,100.0,20.0,D
36,2016-07-01 00:30:00,EV_6,100.0,20.0,D
37,2016-07-01 00:35:00,EV_1,100.0,7.0,D
38,2016-07-01 00:35:00,EV_2,100.0,14.0,D
39,2016-07-01 00:35:00,EV_3,100.0,20.0,D
40,2016-07-01 00:35:00,EV_6,100.0,20.0,D
41,2016-07-01 00:40:00,EV_1,100.0,7.0,D
42,2016-07-01 00:40:00,EV_2,100.0,14.0,D
43,2016-07-01 00:40:00,EV_3,100.0,20.0,D
44,2016-07-01 00:40:00,EV_6,100.0,20.0,D
45,2016-07-01 00:45:00,EV_1,100.0,7.0,D
46,2016-07-01 00:45:00,EV_3,79.04287586400001,16.8072,D
47,2016-07-01 00:50:00,EV_1,100.0,7.0,D
48,2016-07-01 00:55:00,EV_1,100.0,7.0,D
49,2016-07-01 01:00:00,EV_1,100.0,7.0,D
50,2016-07-01 01:05:00,EV_1,100.0,7.0,D
51,2016-07-01 01:10:00,EV_1,100.0,7.0,D
52,2016-07-01 01:15:00,EV_1,100.0,7.0,D
53,2016-07-01 01:20:00,EV_1,100.0,7.0,D
54,2016-07-01 01:25:00,EV_1,100.0,7.0,D
55,2016-07-01 01:30:00,EV_1,100.0,7.0,D
56,2016-07-01 01:35:00,EV_1,50.75945375999999,1.8095999999999999,D
57,2016-07-01 03:00:00,Battery_1,15.94,3.9,D
58,2016-07-01 03:00:00,Battery_2,15.94,3.9,D
59,2016-07-01 03:00:00,Battery_3,15.94,3.9,D
60,2016-07-01 03:00:00,Battery_4,15.94,3.9,D
61,2016-07-01 03:00:00,Battery_5,15.94,3.9,D
62,2016-07-01 03:00:00,Battery_6,15.94,3.9,D
63,2016-07-01 03:00:00,EV_5,16.215408639999993,3.2352,D
64,2016-07-01 03:05:00,Battery_1,15.94,3.9,D
65,2016-07-01 03:05:00,Battery_2,15.94,3.9,D
66,2016-07-01 03:05:00,Battery_3,15.94,3.9,D
67,2016-07-01 03:05:00,Battery_4,15.94,3.9,D
68,2016-07-01 03:05:00,Battery_5,15.94,3.9,D
69,2016-07-01 03:05:00,Battery_6,15.94,3.9,D
70,2016-07-01 03:10:00,Battery_1,15.94,3.9,D
71,2016-07-01 03:10:00,Battery_2,15.94,3.9,D
72,2016-07-01 03:10:00,Battery_3,15.94,3.9,D
73,2016-07-01 03:10:00,Battery_4,15.94,3.9,D
74,2016-07-01 03:10:00,Battery_5,15.94,3.9,D
75,2016-07-01 03:10:00,Battery_6,15.94,3.9,D
76,2016-07-01 03:15:00,Battery_1,15.94,3.9,D
77,2016-07-01 03:15:00,Battery_2,15.94,3.9,D
78,2016-07-01 03:15:00,Battery_3,15.94,3.9,D
79,2016-07-01 03:15:00,Battery_4,15.94,3.9,D
80,2016-07-01 03:15:00,Battery_5,15.94,3.9,D
81,2016-07-01 03:15:00,Battery_6,15.94,3.9,D
82,2016-07-01 03:20:00,Battery_1,15.94,3.9,D
83,2016-07-01 03:20:00,Battery_2,15.94,3.9,D
84,2016-07-01 03:20:00,Battery_3,15.94,3.9,D
85,2016-07-01 03:20:00,Battery_4,15.94,3.9,D
86,2016-07-01 03:20:00,Battery_5,15.94,3.9,D
87,2016-07-01 03:20:00,Battery_6,15.94,3.9,D
88,2016-07-01 03:25:00,Battery_1,15.94,3.9,D
89,2016-07-01 03:25:00,Battery_2,15.94,3.9,D
90,2016-07-01 03:25:00,Battery_3,15.94,3.9,D
91,2016-07-01 03:25:00,Battery_4,15.94,3.9,D
92,2016-07-01 03:25:00,Battery_5,15.94,3.9,D
93,2016-07-01 03:25:00,Battery_6,15.94,3.9,D
94,2016-07-01 03:30:00,Battery_1,15.94,3.9,D
95,2016-07-01 03:30:00,Battery_2,15.94,3.9,D
96,2016-07-01 03:30:00,Battery_3,15.94,3.9,D
97,2016-07-01 03:30:00,Battery_4,15.94,3.9,D
98,2016-07-01 03:30:00,Battery_5,15.94,3.9,D
99,2016-07-01 03:30:00,Battery_6,15.94,3.9,D
100,2016-07-01 03:35:00,Battery_1,15.94,3.9,D
101,2016-07-01 03:35:00,Battery_2,15.94,3.9,D
102,2016-07-01 03:35:00,Battery_3,15.94,3.9,D
103,2016-07-01 03:35:00,Battery_4,15.94,3.9,D
104,2016-07-01 03:35:00,Battery_5,15.94,3.9,D
105,2016-07-01 03:35:00,Battery_6,15.94,3.9,D
106,2016-07-01 03:40:00,Battery_1,15.94,3.9,D
107,2016-07-01 03:40:00,Battery_2,15.94,3.9,D
108,2016-07-01 03:40:00,Battery_3,15.94,3.9,D
109,2016-07-01 03:40:00,Battery_4,15.94,3.9,D
110,2016-07-01 03:40:00,Battery_5,15.94,3.9,D
111,2016-07-01 03:40:00,Battery_6,15.94,3.9,D
112,2016-07-01 03:45:00,Battery_1,15.94,3.9,D
113,2016-07-01 03:45:00,Battery_2,15.94,3.9,D
114,2016-07-01 03:45:00,Battery_3,15.94,3.9,D
115,2016-07-01 03:45:00,Battery_4,15.94,3.9,D
116,2016-07-01 03:45:00,Battery_5,15.94,3.9,D
117,2016-07-01 03:45:00,Battery_6,15.94,3.9,D
118,2016-07-01 03:50:00,Battery_1,15.94,3.9,D
119,2016-07-01 03:50:00,Battery_2,15.94,3.9,D
120,2016-07-01 03:50:00,Battery_3,15.94,3.9,D
121,2016-07-01 03:50:00,Battery_4,15.94,3.9,D
122,2016-07-01 03:50:00,Battery_5,15.94,3.9,D
123,2016-07-01 03:50:00,Battery_6,15.94,3.9,D
124,2016-07-01 03:55:00,Battery_1,15.94,3.9,D
125,2016-07-01 03:55:00,Battery_2,15.94,3.9,D
126,2016-07-01 03:55:00,Battery_3,15.94,3.9,D
127,2016-07-01 03:55:00,Battery_4,15.94,3.9,D
128,2016-07-01 03:55:00,Battery_5,15.94,3.9,D
129,2016-07-01 03:55:00,Battery_6,15.94,3.9,D
130,2016-07-01 04:00:00,Battery_1,15.94,3.9,D
131,2016-07-01 04:00:00,Battery_2,15.94,3.9,D
132,2016-07-01 04:00:00,Battery_3,15.94,3.9,D
133,2016-07-01 04:00:00,Battery_4,15.94,3.9,D
134,2016-07-01 04:00:00,Battery_5,15.94,3.9,D
135,2016-07-01 04:00:00,Battery_6,15.94,3.9,D
136,2016-07-01 04:05:00,Battery_1,15.94,3.9,D
137,2016-07-01 04:05:00,Battery_2,15.94,3.9,D
138,2016-07-01 04:05:00,Battery_3,15.94,3.9,D
139,2016-07-01 04:05:00,Battery_4,15.94,3.9,D
140,2016-07-01 04:05:00,Battery_5,15.94,3.9,D
141,2016-07-01 04:05:00,Battery_6,15.94,3.9,D
142,2016-07-01 04:10:00,Battery_1,15.94,3.9,D
143,2016-07-01 04:10:00,Battery_2,15.94,3.9,D
144,2016-07-01 04:10:00,Battery_3,15.94,3.9,D
145,2016-07-01 04:10:00,Battery_4,15.94,3.9,D
146,2016-07-01 04:10:00,Battery_5,15.94,3.9,D
147,2016-07-01 04:10:00,Battery_6,15.94,3.9,D
148,2016-07-01 04:15:00,Battery_1,15.94,3.9,D
149,2016-07-01 04:15:00,Battery_2,15.94,3.9,D
150,2016-07-01 04:15:00,Battery_3,15.94,3.9,D
151,2016-07-01 04:15:00,Battery_4,15.94,3.9,D
152,2016-07-01 04:15:00,Battery_5,15.94,3.9,D
153,2016-07-01 04:15:00,Battery_6,15.94,3.9,D
154,2016-07-01 04:20:00,Battery_1,15.94,3.9,D
155,2016-07-01 04:20:00,Battery_2,15.94,3.9,D
156,2016-07-01 04:20:00,Battery_3,15.94,3.9,D
157,2016-07-01 04:20:00,Battery_4,15.94,3.9,D
158,2016-07-01 04:20:00,Battery_5,15.94,3.9,D
159,2016-07-01 04:20:00,Battery_6,15.94,3.9,D
160,2016-07-01 04:25:00,Battery_1,15.94,3.9,D
161,2016-07-01 04:25:00,Battery_2,15.94,3.9,D
162,2016-07-01 04:25:00,Battery_3,15.94,3.9,D
163,2016-07-01 04:25:00,Battery_4,15.94,3.9,D
164,2016-07-01 04:25:00,Battery_5,15.94,3.9,D
165,2016-07-01 04:25:00,Battery_6,15.94,3.9,D
166,2016-07-01 04:30:00,Battery_1,15.94,3.9,D
167,2016-07-01 04:30:00,Battery_2,15.94,3.9,D
168,2016-07-01 04:30:00,Battery_3,15.94,3.9,D
169,2016-07-01 04:30:00,Battery_4,15.94,3.9,D
170,2016-07-01 04:30:00,Battery_5,15.94,3.9,D
171,2016-07-01 04:30:00,Battery_6,15.94,3.9,D
172,2016-07-01 04:35:00,Battery_1,15.94,3.9,D
173,2016-07-01 04:35:00,Battery_2,15.94,3.9,D
174,2016-07-01 04:35:00,Battery_3,15.94,3.9,D
175,2016-07-01 04:35:00,Battery_4,15.94,3.9,D
176,2016-07-01 04:35:00,Battery_5,15.94,3.9,D
177,2016-07-01 04:35:00,Battery_6,15.94,3.9,D
178,2016-07-01 04:40:00,Battery_1,15.94,3.9,D
179,2016-07-01 04:40:00,Battery_2,15.94,3.9,D
180,2016-07-01 04:40:00,Battery_3,15.94,3.9,D
181,2016-07-01 04:40:00,Battery_4,15.94,3.9,D
182,2016-07-01 04:40:00,Battery_5,15.94,3.9,D
183,2016-07-01 04:40:00,Battery_6,15.94,3.9,D
184,2016-07-01 04:45:00,Battery_1,15.94,3.9,D
185,2016-07-01 04:45:00,Battery_2,15.94,3.9,D
186,2016-07-01 04:45:00,Battery_3,15.94,3.9,D
187,2016-07-01 04:45:00,Battery_4,15.94,3.9,D
188,2016-07-01 04:45:00,Battery_5,15.94,3.9,D
189,2016-07-01 04:45:00,Battery_6,15.94,3.9,D
190,2016-07-01 04:50:00,Battery_1,15.94,3.9,D
191,2016-07-01 04:50:00,Battery_2,15.94,3.9,D
192,2016-07-01 04:50:00,Battery_3,15.94,3.9,D
193,2016-07-01 04:50:00,Battery_4,15.94,3.9,D
194,2016-07-01 04:50:00,Battery_5,15.94,3.9,D
195,2016-07-01 04:50:00,Battery_6,15.94,3.9,D
196,2016-07-01 04:55:00,Battery_1,15.94,3.9,D
197,2016-07-01 04:55:00,Battery_2,15.94,3.9,D
198,2016-07-01 04:55:00,Battery_3,15.94,3.9,D
199,2016-07-01 04:55:00,Battery_4,15.94,3.9,D
200,2016-07-01 04:55:00,Battery_5,15.94,3.9,D
201,2016-07-01 04:55:00,Battery_6,15.94,3.9,D
202,2016-07-01 06:05:00,PV_1,0.0,0.00838869,S
203,2016-07-01 06:05:00,PV_2,0.0,0.00968169,S
204,2016-07-01 06:05:00,PV_3,0.0,0.010909700000000001,S
205,2016-07-01 06:05:00,PV_4,0.0,0.0136583,S
206,2016-07-01 06:05:00,PV_5,0.0,0.012836,S
207,2016-07-01 06:05:00,PV_6,0.0,0.0122866,S
208,2016-07-01 06:10:00,PV_1,0.0,0.019639,S
209,2016-07-01 06:10:00,PV_2,0.0,0.022666,S
210,2016-07-01 06:10:00,PV_3,0.0,0.025540900000000002,S
211,2016-07-01 06:10:00,PV_4,0.0,0.0319758,S
212,2016-07-01 06:10:00,PV_5,0.0,0.0300508,S
213,2016-07-01 06:10:00,PV_6,0.0,0.0287644,S
214,2016-07-01 06:15:00,PV_1,0.0,0.031752300000000004,S
215,2016-07-01 06:15:00,PV_2,0.0,0.0366464,S
216,2016-07-01 06:15:00,PV_3,0.0,0.0412944,S
217,2016-07-01 06:15:00,PV_4,0.0,0.0516984,S
218,2016-07-01 06:15:00,PV_5,0.0,0.048586,S
219,2016-07-01 06:15:00,PV_6,0.0,0.0465062,S
220,2016-07-01 06:20:00,PV_1,0.0,0.044774299999999996,S
221,2016-07-01 06:20:00,PV_2,0.0,0.0516756,S
222,2016-07-01 06:20:00,PV_3,0.0,0.0582298,S
223,2016-07-01 06:20:00,PV_4,0.0,0.0729006,S
224,2016-07-01 06:20:00,PV_5,0.0,0.0685118,S
225,2016-07-01 06:20:00,PV_6,0.0,0.065579,S
226,2016-07-01 06:25:00,PV_1,0.0,0.058781799999999995,S
227,2016-07-01 06:25:00,PV_2,0.0,0.0678422,S
228,2016-07-01 06:25:00,PV_3,0.0,0.076447,S
229,2016-07-01 06:25:00,PV_4,0.0,0.0957075,S
230,2016-07-01 06:25:00,PV_5,0.0,0.0899456,S
231,2016-07-01 06:25:00,PV_6,0.0,0.0860954,S
232,2016-07-01 06:30:00,PV_1,0.0,0.0736918,S
233,2016-07-01 06:30:00,PV_2,0.0,0.0850504,S
234,2016-07-01 06:30:00,PV_3,0.0,0.0958377,S
235,2016-07-01 06:30:00,PV_4,0.0,0.119984,S
236,2016-07-01 06:30:00,PV_5,0.0,0.11276,S
237,2016-07-01 06:30:00,PV_6,0.0,0.107933,S
238,2016-07-01 06:35:00,PV_1,0.0,0.0894997,S
239,2016-07-01 06:35:00,PV_2,0.0,0.103295,S
240,2016-07-01 06:35:00,PV_3,0.0,0.116396,S
241,2016-07-01 06:35:00,PV_4,0.0,0.14572200000000002,S
242,2016-07-01 06:35:00,PV_5,0.0,0.13694900000000002,S
243,2016-07-01 06:35:00,PV_6,0.0,0.13108699999999998,S
244,2016-07-01 06:40:00,PV_1,0.0,0.106192,S
245,2016-07-01 06:40:00,PV_2,0.0,0.12256,S
246,2016-07-01 06:40:00,PV_3,0.0,0.13810499999999998,S
247,2016-07-01 06:40:00,PV_4,0.0,0.172899,S
248,2016-07-01 06:40:00,PV_5,0.0,0.16249,S
249,2016-07-01 06:40:00,PV_6,0.0,0.155535,S
250,2016-07-01 06:45:00,PV_1,0.0,0.123753,S
251,2016-07-01 06:45:00,PV_2,0.0,0.142828,S
252,2016-07-01 06:45:00,PV_3,0.0,0.160943,S
253,2016-07-01 06:45:00,PV_4,0.0,0.20149199999999998,S
254,2016-07-01 06:45:00,PV_5,0.0,0.189362,S
255,2016-07-01 06:45:00,PV_6,0.0,0.181256,S
256,2016-07-01 06:50:00,PV_1,0.0,0.142167,S
257,2016-07-01 06:50:00,PV_2,0.0,0.16408,S
258,2016-07-01 06:50:00,PV_3,0.0,0.184891,S
259,2016-07-01 06:50:00,PV_4,0.0,0.23147399999999999,S
260,2016-07-01 06:50:00,PV_5,0.0,0.217538,S
261,2016-07-01 06:50:00,PV_6,0.0,0.208226,S
262,2016-07-01 06:55:00,PV_1,0.0,0.161416,S
263,2016-07-01 06:55:00,PV_2,0.0,0.186295,S
264,2016-07-01 06:55:00,PV_3,0.0,0.209924,S
265,2016-07-01 06:55:00,PV_4,0.0,0.26281400000000005,S
266,2016-07-01 06:55:00,PV_5,0.0,0.246992,S
267,2016-07-01 06:55:00,PV_6,0.0,0.23641900000000002,S
268,2016-07-01 07:00:00,PV_1,0.0,0.181478,S
269,2016-07-01 07:00:00,PV_2,0.0,0.20945,S
270,2016-07-01 07:00:00,PV_3,0.0,0.236016,S
271,2016-07-01 07:00:00,PV_4,0.0,0.295479,S
272,2016-07-01 07:00:00,PV_5,0.0,0.27769,S
273,2016-07-01 07:00:00,PV_6,0.0,0.265803,S
274,2016-07-01 07:05:00,PV_1,0.0,0.210619,S
275,2016-07-01 07:05:00,PV_2,0.0,0.243083,S
276,2016-07-01 07:05:00,PV_3,0.0,0.273915,S
277,2016-07-01 07:05:00,PV_4,0.0,0.342926,S
278,2016-07-01 07:05:00,PV_5,0.0,0.322281,S
279,2016-07-01 07:05:00,PV_6,0.0,0.308486,S
280,2016-07-01 07:10:00,PV_1,0.0,0.24068299999999998,S
281,2016-07-01 07:10:00,PV_2,0.0,0.277781,S
282,2016-07-01 07:10:00,PV_3,0.0,0.313013,S
283,2016-07-01 07:10:00,PV_4,0.0,0.391876,S
284,2016-07-01 07:10:00,PV_5,0.0,0.368284,S
285,2016-07-01 07:10:00,PV_6,0.0,0.352519,S
286,2016-07-01 07:15:00,PV_1,0.0,0.26944999999999997,S
287,2016-07-01 07:15:00,PV_2,0.0,0.31098200000000004,S
288,2016-07-01 07:15:00,PV_3,0.0,0.350425,S
289,2016-07-01 07:15:00,PV_4,0.0,0.438713,S
290,2016-07-01 07:15:00,PV_5,0.0,0.412301,S
291,2016-07-01 07:15:00,PV_6,0.0,0.394652,S
292,2016-07-01 07:20:00,PV_1,0.0,0.29697199999999996,S
293,2016-07-01 07:20:00,PV_2,0.0,0.342746,S
294,2016-07-01 07:20:00,PV_3,0.0,0.386218,S
295,2016-07-01 07:20:00,PV_4,0.0,0.483524,S
296,2016-07-01 07:20:00,PV_5,0.0,0.454415,S
297,2016-07-01 07:20:00,PV_6,0.0,0.43496300000000004,S
298,2016-07-01 07:25:00,PV_1,0.0,0.323296,S
299,2016-07-01 07:25:00,PV_2,0.0,0.37312799999999996,S
300,2016-07-01 07:25:00,PV_3,0.0,0.42045299999999997,S
301,2016-07-01 07:25:00,PV_4,0.0,0.526385,S
302,2016-07-01 07:25:00,PV_5,0.0,0.494695,S
303,2016-07-01 07:25:00,PV_6,0.0,0.473519,S
304,2016-07-01 07:30:00,PV_1,0.0,0.348464,S
305,2016-07-01 07:30:00,PV_2,0.0,0.402175,S
306,2016-07-01 07:30:00,PV_3,0.0,0.45318400000000003,S
307,2016-07-01 07:30:00,PV_4,0.0,0.5673619999999999,S
308,2016-07-01 07:30:00,PV_5,0.0,0.533205,S
309,2016-07-01 07:30:00,PV_6,0.0,0.510381,S
310,2016-07-01 07:35:00,PV_1,0.0,0.372512,S
311,2016-07-01 07:35:00,PV_2,0.0,0.42993000000000003,S
312,2016-07-01 07:35:00,PV_3,0.0,0.48446,S
313,2016-07-01 07:35:00,PV_4,0.0,0.6065170000000001,S
314,2016-07-01 07:35:00,PV_5,0.0,0.570003,S
315,2016-07-01 07:35:00,PV_6,0.0,0.5456040000000001,S
316,2016-07-01 07:40:00,PV_1,0.0,0.395475,S
317,2016-07-01 07:40:00,PV_2,0.0,0.456432,S
318,2016-07-01 07:40:00,PV_3,0.0,0.514324,S
319,2016-07-01 07:40:00,PV_4,0.0,0.643905,S
320,2016-07-01 07:40:00,PV_5,0.0,0.60514,S
321,2016-07-01 07:40:00,PV_6,0.0,0.579237,S
322,2016-07-01 07:45:00,PV_1,0.0,0.417385,S
323,2016-07-01 07:45:00,PV_2,0.0,0.481719,S
324,2016-07-01 07:45:00,PV_3,0.0,0.542817,S
325,2016-07-01 07:45:00,PV_4,0.0,0.679578,S
326,2016-07-01 07:45:00,PV_5,0.0,0.6386649999999999,S
327,2016-07-01 07:45:00,PV_6,0.0,0.611326,S
328,2016-07-01 07:50:00,PV_1,0.0,0.438269,S
329,2016-07-01 07:50:00,PV_2,0.0,0.505822,S
330,2016-07-01 07:50:00,PV_3,0.0,0.569978,S
331,2016-07-01 07:50:00,PV_4,0.0,0.713581,S
332,2016-07-01 07:50:00,PV_5,0.0,0.6706219999999999,S
333,2016-07-01 07:50:00,PV_6,0.0,0.641915,S
334,2016-07-01 07:55:00,PV_1,0.0,0.46015300000000003,S
335,2016-07-01 07:55:00,PV_2,0.0,0.531079,S
336,2016-07-01 07:55:00,PV_3,0.0,0.598438,S
337,2016-07-01 07:55:00,PV_4,0.0,0.749212,S
338,2016-07-01 07:55:00,PV_5,0.0,0.7041069999999999,S
339,2016-07-01 07:55:00,PV_6,0.0,0.673967,S
340,2016-07-01 08:00:00,PV_1,0.0,0.47908300000000004,S
341,2016-07-01 08:00:00,PV_2,0.0,0.552926,S
342,2016-07-01 08:00:00,PV_3,0.0,0.623057,S
343,2016-07-01 08:00:00,PV_4,0.0,0.780033,S
344,2016-07-01 08:00:00,PV_5,0.0,0.733073,S
345,2016-07-01 08:00:00,PV_6,0.0,0.701693,S
346,2016-07-01 08:05:00,PV_1,0.0,0.495074,S
347,2016-07-01 08:05:00,PV_2,0.0,0.5713830000000001,S
348,2016-07-01 08:05:00,PV_3,0.0,0.643854,S
349,2016-07-01 08:05:00,PV_4,0.0,0.8060700000000001,S
350,2016-07-01 08:05:00,PV_5,0.0,0.757542,S
351,2016-07-01 08:05:00,PV_6,0.0,0.725115,S
352,2016-07-01 08:05:00,Battery_6,15.94,3.9,D
353,2016-07-01 08:10:00,PV_1,0.0,0.510119,S
354,2016-07-01 08:10:00,PV_2,0.0,0.588746,S
355,2016-07-01 08:10:00,PV_3,0.0,0.66342,S
356,2016-07-01 08:10:00,PV_4,0.0,0.8305650000000001,S
357,2016-07-01 08:10:00,PV_5,0.0,0.780563,S
358,2016-07-01 08:10:00,PV_6,0.0,0.74715,S
359,2016-07-01 08:10:00,Battery_6,15.94,2.5426,D
360,2016-07-01 08:15:00,PV_1,0.0,0.524759,S
361,2016-07-01 08:15:00,PV_2,0.0,0.605644,S
362,2016-07-01 08:15:00,PV_3,0.0,0.6824600000000001,S
363,2016-07-01 08:15:00,PV_4,0.0,0.854403,S
364,2016-07-01 08:15:00,PV_5,0.0,0.802966,S
365,2016-07-01 08:15:00,PV_6,0.0,0.768594,S
366,2016-07-01 08:15:00,Battery_5,15.94,3.9,D
367,2016-07-01 08:15:00,Battery_6,15.94,0.2591,D
368,2016-07-01 08:20:00,PV_1,0.0,0.538988,S
369,2016-07-01 08:20:00,PV_2,0.0,0.6220650000000001,S
370,2016-07-01 08:20:00,PV_3,0.0,0.700964,S
371,2016-07-01 08:20:00,PV_4,0.0,0.8775689999999999,S
372,2016-07-01 08:20:00,PV_5,0.0,0.8247369999999999,S
373,2016-07-01 08:20:00,PV_6,0.0,0.7894329999999999,S
374,2016-07-01 08:20:00,Battery_5,15.94,2.5426,D
375,2016-07-01 08:25:00,PV_1,0.0,0.5527949999999999,S
376,2016-07-01 08:25:00,PV_2,0.0,0.6380009999999999,S
377,2016-07-01 08:25:00,PV_3,0.0,0.718921,S
378,2016-07-01 08:25:00,PV_4,0.0,0.9000499999999999,S
379,2016-07-01 08:25:00,PV_5,0.0,0.845865,S
380,2016-07-01 08:25:00,PV_6,0.0,0.8096559999999999,S
381,2016-07-01 08:25:00,Battery_4,15.94,3.9,D
382,2016-07-01 08:25:00,Battery_5,15.94,0.2591,D
383,2016-07-01 08:30:00,PV_1,0.0,0.566174,S
384,2016-07-01 08:30:00,PV_2,0.0,0.653441,S
385,2016-07-01 08:30:00,PV_3,0.0,0.7363200000000001,S
386,2016-07-01 08:30:00,PV_4,0.0,0.921833,S
387,2016-07-01 08:30:00,PV_5,0.0,0.866336,S
388,2016-07-01 08:30:00,PV_6,0.0,0.829252,S
389,2016-07-01 08:30:00,Battery_4,15.94,2.5426,D
390,2016-07-01 08:35:00,PV_1,0.0,0.579116,S
391,2016-07-01 08:35:00,PV_2,0.0,0.6683790000000001,S
392,2016-07-01 08:35:00,PV_3,0.0,0.753152,S
393,2016-07-01 08:35:00,PV_4,0.0,0.9429059999999999,S
394,2016-07-01 08:35:00,PV_5,0.0,0.88614,S
395,2016-07-01 08:35:00,PV_6,0.0,0.848208,S
396,2016-07-01 08:35:00,Battery_3,15.94,3.9,D
397,2016-07-01 08:35:00,Battery_4,15.94,0.2591,D
398,2016-07-01 08:40:00,PV_1,0.0,0.591616,S
399,2016-07-01 08:40:00,PV_2,0.0,0.682805,S
400,2016-07-01 08:40:00,PV_3,0.0,0.769408,S
401,2016-07-01 08:40:00,PV_4,0.0,0.9632569999999999,S
402,2016-07-01 08:40:00,PV_5,0.0,0.905266,S
403,2016-07-01 08:40:00,PV_6,0.0,0.866515,S
404,2016-07-01 08:40:00,Battery_3,15.94,2.5426,D
405,2016-07-01 08:45:00,PV_1,0.0,0.603665,S
406,2016-07-01 08:45:00,PV_2,0.0,0.696711,S
407,2016-07-01 08:45:00,PV_3,0.0,0.7850779999999999,S
408,2016-07-01 08:45:00,PV_4,0.0,0.982876,S
409,2016-07-01 08:45:00,PV_5,0.0,0.923704,S
410,2016-07-01 08:45:00,PV_6,0.0,0.884164,S
411,2016-07-01 08:45:00,Battery_2,15.94,3.9,D
412,2016-07-01 08:45:00,Battery_3,15.94,0.2591,D
413,2016-07-01 08:50:00,PV_1,0.0,0.6152580000000001,S
414,2016-07-01 08:50:00,PV_2,0.0,0.710092,S
415,2016-07-01 08:50:00,PV_3,0.0,0.800156,S
416,2016-07-01 08:50:00,PV_4,0.0,1.00175,S
417,2016-07-01 08:50:00,PV_5,0.0,0.941443,S
418,2016-07-01 08:50:00,PV_6,0.0,0.9011440000000001,S
419,2016-07-01 08:50:00,Battery_2,15.94,2.5426,D
420,2016-07-01 08:55:00,PV_1,0.0,0.626389,S
421,2016-07-01 08:55:00,PV_2,0.0,0.722938,S
422,2016-07-01 08:55:00,PV_3,0.0,0.8146319999999999,S
423,2016-07-01 08:55:00,PV_4,0.0,1.01988,S
424,2016-07-01 08:55:00,PV_5,0.0,0.958476,S
425,2016-07-01 08:55:00,PV_6,0.0,0.917447,S
426,2016-07-01 08:55:00,Battery_1,15.94,3.9,D
427,2016-07-01 08:55:00,Battery_2,15.94,0.2591,D
428,2016-07-01 09:00:00,PV_1,0.0,0.637053,S
429,2016-07-01 09:00:00,PV_2,0.0,0.735246,S
430,2016-07-01 09:00:00,PV_3,0.0,0.8285,S
431,2016-07-01 09:00:00,PV_4,0.0,1.03724,S
432,2016-07-01 09:00:00,PV_5,0.0,0.974793,S
433,2016-07-01 09:00:00,PV_6,0.0,0.9330660000000001,S
434,2016-07-01 09:00:00,Battery_1,15.94,2.5426,D
435,2016-07-01 09:00:00,EV_6,0.0,1.968,D
436,2016-07-01 09:05:00,PV_1,0.0,0.646696,S
437,2016-07-01 09:05:00,PV_2,0.0,0.746375,S
438,2016-07-01 09:05:00,Battery_1,15.94,0.2591,D
439,2016-07-01 09:05:00,EV_2,0.0,1.7988,D
440,2016-07-01 09:10:00,PV_1,0.0,0.655796,S
441,2016-07-01 09:15:00,PV_1,0.0,0.664509,S
442,2016-07-01 09:20:00,PV_1,0.0,0.672844,S
443,2016-07-01 09:25:00,PV_1,0.0,0.680811,S
444,2016-07-01 09:30:00,PV_1,0.0,0.688419,S
445,2016-07-01 09:35:00,PV_1,0.0,0.6956760000000001,S
446,2016-07-01 09:40:00,PV_1,0.0,0.702591,S
447,2016-07-01 09:45:00,PV_1,0.0,0.709172,S
448,2016-07-01 09:50:00,PV_1,0.0,0.715426,S
449,2016-07-01 09:55:00,PV_1,0.0,0.72136,S
450,2016-07-01 10:00:00,PV_1,0.0,0.7269829999999999,S
451,2016-07-01 10:05:00,PV_1,0.0,0.7315130000000001,S
452,2016-07-01 10:10:00,PV_1,0.0,0.7357039999999999,S
453,2016-07-01 10:15:00,PV_1,0.0,0.739796,S
454,2016-07-01 10:20:00,PV_1,0.0,0.743789,S
455,2016-07-01 10:25:00,PV_1,0.0,0.747684,S
456,2016-07-01 10:30:00,PV_1,0.0,0.751482,S
457,2016-07-01 10:35:00,PV_1,0.0,0.755185,S
458,2016-07-01 10:40:00,PV_1,0.0,0.758794,S
459,2016-07-01 10:45:00,PV_1,0.0,0.7623110000000001,S
460,2016-07-01 10:50:00,PV_1,0.0,0.765741,S
461,2016-07-01 10:55:00,PV_1,0.0,0.769084,S
462,2016-07-01 11:00:00,PV_1,0.0,0.772346,S
463,2016-07-01 11:05:00,PV_1,0.0,0.7757430000000001,S
464,2016-07-01 11:10:00,PV_1,0.0,0.779085,S
465,2016-07-01 11:15:00,PV_1,0.0,0.782298,S
466,2016-07-01 11:20:00,PV_1,0.0,0.7853920000000001,S
467,2016-07-01 11:25:00,PV_1,0.0,0.788376,S
468,2016-07-01 11:30:00,PV_1,0.0,0.791259,S
469,2016-07-01 11:35:00,PV_1,0.0,0.794049,S
470,2016-07-01 11:40:00,PV_1,0.0,0.796751,S
471,2016-07-01 11:45:00,PV_1,0.0,0.7993709999999999,S
472,2016-07-01 11:50:00,PV_1,0.0,0.8019160000000001,S
473,2016-07-01 11:55:00,PV_1,0.0,0.804381,S
474,2016-07-01 12:00:00,PV_1,0.0,0.8067730000000001,S
475,2016-07-01 12:05:00,PV_1,0.0,0.8093400000000001,S
476,2016-07-01 12:10:00,PV_1,0.0,0.811827,S
477,2016-07-01 12:15:00,PV_1,0.0,0.8141079999999999,S
478,2016-07-01 12:20:00,PV_1,0.0,0.816372,S
479,2016-07-01 12:25:00,PV_1,0.0,0.818449,S
480,2016-07-01 12:30:00,PV_1,0.0,0.820351,S
481,2016-07-01 12:35:00,PV_1,0.0,0.822148,S
482,2016-07-01 12:40:00,PV_1,0.0,0.823837,S
483,2016-07-01 12:45:00,PV_1,0.0,0.825316,S
484,2016-07-01 12:50:00,PV_1,0.0,0.826705,S
485,2016-07-01 12:55:00,PV_1,0.0,0.827894,S
486,2016-07-01 13:00:00,PV_1,0.0,0.8289829999999999,S
487,2016-07-01 13:05:00,PV_1,0.0,0.8296359999999999,S
488,2016-07-01 13:10:00,PV_1,0.0,0.830164,S
489,2016-07-01 13:15:00,PV_1,0.0,0.830596,S
490,2016-07-01 13:20:00,PV_1,0.0,0.830941,S
491,2016-07-01 13:25:00,PV_1,0.0,0.831188,S
492,2016-07-01 13:30:00,PV_1,0.0,0.8313429999999999,S
493,2016-07-01 13:35:00,PV_1,0.0,0.831415,S
494,2016-07-01 13:40:00,PV_1,0.0,0.831393,S
495,2016-07-01 13:45:00,PV_1,0.0,0.83125,S
496,2016-07-01 13:50:00,PV_1,0.0,0.831043,S
497,2016-07-01 13:55:00,PV_1,0.0,0.830741,S
498,2016-07-01 14:00:00,PV_1,0.0,0.830256,S
499,2016-07-01 14:05:00,PV_1,0.0,0.829183,S
500,2016-07-01 14:10:00,PV_1,0.0,0.828905,S
501,2016-07-01 14:15:00,PV_1,0.0,0.828431,S
502,2016-07-01 14:20:00,PV_1,0.0,0.827864,S
503,2016-07-01 14:25:00,PV_1,0.0,0.826977,S
504,2016-07-01 14:30:00,PV_1,0.0,0.8259690000000001,S
505,2016-07-01 14:35:00,PV_1,0.0,0.82484,S
506,2016-07-01 14:40:00,PV_1,0.0,0.823425,S
507,2016-07-01 14:45:00,PV_1,0.0,0.821847,S
508,2016-07-01 14:50:00,PV_1,0.0,0.8200019999999999,S
509,2016-07-01 14:55:00,PV_1,0.0,0.818022,S
510,2016-07-01 15:00:00,PV_1,0.0,0.815841,S
511,2016-07-01 15:05:00,PV_1,0.0,0.812661,S
512,2016-07-01 15:10:00,PV_1,0.0,0.8092079999999999,S
513,2016-07-01 15:15:00,PV_1,0.0,0.8056599999999999,S
514,2016-07-01 15:20:00,PV_1,0.0,0.802295,S
515,2016-07-01 15:25:00,PV_1,0.0,0.79874,S
516,2016-07-01 15:30:00,PV_1,0.0,0.7950470000000001,S
517,2016-07-01 15:35:00,PV_1,0.0,0.791399,S
518,2016-07-01 15:40:00,PV_1,0.0,0.7878379999999999,S
519,2016-07-01 15:45:00,PV_1,0.0,0.78404,S
520,2016-07-01 15:50:00,PV_1,0.0,0.78052,S
521,2016-07-01 15:55:00,PV_1,0.0,0.776655,S
522,2016-07-01 16:00:00,PV_1,0.0,0.772721,S
523,2016-07-01 16:05:00,PV_1,0.0,0.770784,S
524,2016-07-01 16:10:00,PV_1,0.0,0.768816,S
525,2016-07-01 16:15:00,PV_1,0.0,0.7661749999999999,S
526,2016-07-01 16:20:00,PV_1,0.0,0.76319,S
527,2016-07-01 16:25:00,PV_1,0.0,0.7599199999999999,S
528,2016-07-01 16:30:00,PV_1,0.0,0.755756,S
529,2016-07-01 16:35:00,PV_1,0.0,0.751254,S
530,2016-07-01 16:40:00,PV_1,0.0,0.745976,S
531,2016-07-01 16:45:00,PV_1,0.0,0.740112,S
532,2016-07-01 16:50:00,PV_1,0.0,0.735077,S
533,2016-07-01 16:55:00,PV_1,0.0,0.729483,S
534,2016-07-01 17:00:00,PV_1,0.0,0.723368,S
535,2016-07-01 17:05:00,PV_1,0.0,0.7161069999999999,S
536,2016-07-01 17:10:00,PV_1,0.0,0.70794,S
537,2016-07-01 17:15:00,PV_1,0.0,0.6998099999999999,S
538,2016-07-01 17:20:00,PV_1,0.0,0.6913060000000001,S
539,2016-07-01 17:25:00,PV_1,0.0,0.682789,S
540,2016-07-01 17:30:00,PV_1,0.0,0.673644,S
541,2016-07-01 17:35:00,PV_1,0.0,0.66398,S
542,2016-07-01 17:40:00,PV_1,0.0,0.654123,S
543,2016-07-01 17:45:00,PV_1,0.0,0.642612,S
544,2016-07-01 17:50:00,PV_1,0.0,0.630306,S
545,2016-07-01 17:55:00,PV_1,0.0,0.616889,S
546,2016-07-01 17:55:00,PV_2,0.0,0.711974,S
547,2016-07-01 17:55:00,PV_3,0.0,0.802277,S
548,2016-07-01 17:55:00,PV_4,0.0,1.00441,S
549,2016-07-01 17:55:00,PV_5,0.0,0.943939,S
550,2016-07-01 17:55:00,PV_6,0.0,0.903532,S
551,2016-07-01 17:55:00,EV_5,100.0,14.0,D
552,2016-07-01 18:00:00,PV_1,0.0,0.602113,S
553,2016-07-01 18:00:00,PV_2,0.0,0.69492,S
554,2016-07-01 18:00:00,PV_3,0.0,0.78306,S
555,2016-07-01 18:00:00,PV_4,0.0,0.980349,S
556,2016-07-01 18:00:00,PV_5,0.0,0.921329,S
557,2016-07-01 18:00:00,PV_6,0.0,0.88189,S
558,2016-07-01 18:00:00,EV_5,100.0,14.0,D
559,2016-07-01 18:05:00,PV_1,0.0,0.587153,S
560,2016-07-01 18:05:00,PV_2,0.0,0.677654,S
561,2016-07-01 18:05:00,PV_3,0.0,0.7636040000000001,S
562,2016-07-01 18:05:00,PV_4,0.0,0.955991,S
563,2016-07-01 18:05:00,PV_5,0.0,0.898437,S
564,2016-07-01 18:05:00,PV_6,0.0,0.859979,S
565,2016-07-01 18:05:00,EV_5,100.0,14.0,D
566,2016-07-01 18:10:00,PV_1,0.0,0.662617,S
567,2016-07-01 18:10:00,PV_2,0.0,0.76475,S
568,2016-07-01 18:10:00,PV_3,0.0,0.8617469999999999,S
569,2016-07-01 18:10:00,PV_4,0.0,1.07886,S
570,2016-07-01 18:10:00,PV_5,0.0,1.0139099999999999,S
571,2016-07-01 18:10:00,PV_6,0.0,0.970508,S
572,2016-07-01 18:10:00,EV_5,100.0,14.0,D
573,2016-07-01 18:15:00,PV_1,0.0,0.671909,S
574,2016-07-01 18:15:00,PV_2,0.0,0.775475,S
575,2016-07-01 18:15:00,PV_3,0.0,0.8738319999999999,S
576,2016-07-01 18:15:00,PV_4,0.0,1.09399,S
577,2016-07-01 18:15:00,PV_5,0.0,1.0281300000000002,S
578,2016-07-01 18:15:00,PV_6,0.0,0.984118,S
579,2016-07-01 18:15:00,EV_5,100.0,14.0,D
580,2016-07-01 18:20:00,PV_1,0.0,0.685035,S
581,2016-07-01 18:20:00,PV_2,0.0,0.7906230000000001,S
582,2016-07-01 18:20:00,PV_3,0.0,0.8909020000000001,S
583,2016-07-01 18:20:00,PV_4,0.0,1.11536,S
584,2016-07-01 18:20:00,PV_5,0.0,1.04821,S
585,2016-07-01 18:20:00,PV_6,0.0,1.0033400000000001,S
586,2016-07-01 18:20:00,EV_2,100.0,14.0,D
587,2016-07-01 18:20:00,EV_5,100.0,14.0,D
588,2016-07-01 18:25:00,PV_1,0.0,0.7108410000000001,S
589,2016-07-01 18:25:00,PV_2,0.0,0.820407,S
590,2016-07-01 18:25:00,PV_3,0.0,0.9244629999999999,S
591,2016-07-01 18:25:00,PV_4,0.0,1.15738,S
592,2016-07-01 18:25:00,PV_5,0.0,1.0877000000000001,S
593,2016-07-01 18:25:00,PV_6,0.0,1.0411400000000002,S
594,2016-07-01 18:25:00,EV_2,100.0,14.0,D
595,2016-07-01 18:25:00,EV_5,100.0,14.0,D
596,2016-07-01 18:30:00,PV_1,0.0,0.744977,S
597,2016-07-01 18:30:00,PV_2,0.0,0.859804,S
598,2016-07-01 18:30:00,PV_3,0.0,0.968857,S
599,2016-07-01 18:30:00,PV_4,0.0,1.21296,S
600,2016-07-01 18:30:00,PV_5,0.0,1.13993,S
601,2016-07-01 18:30:00,PV_6,0.0,1.09114,S
602,2016-07-01 18:30:00,EV_2,100.0,14.0,D
603,2016-07-01 18:30:00,EV_5,100.0,14.0,D
604,2016-07-01 18:35:00,PV_1,0.0,0.747797,S
605,2016-07-01 18:35:00,PV_2,0.0,0.8630599999999999,S
606,2016-07-01 18:35:00,PV_3,0.0,0.972526,S
607,2016-07-01 18:35:00,PV_4,0.0,1.21755,S
608,2016-07-01 18:35:00,PV_5,0.0,1.14425,S
609,2016-07-01 18:35:00,PV_6,0.0,1.09527,S
610,2016-07-01 18:35:00,EV_2,100.0,14.0,D
611,2016-07-01 18:35:00,EV_5,100.0,14.0,D
612,2016-07-01 18:40:00,PV_1,0.0,0.753555,S
613,2016-07-01 18:40:00,PV_2,0.0,0.8697050000000001,S
614,2016-07-01 18:40:00,PV_3,0.0,0.980014,S
615,2016-07-01 18:40:00,PV_4,0.0,1.22692,S
616,2016-07-01 18:40:00,PV_5,0.0,1.15306,S
617,2016-07-01 18:40:00,PV_6,0.0,1.1037000000000001,S
618,2016-07-01 18:40:00,EV_2,100.0,14.0,D
619,2016-07-01 18:40:00,EV_5,100.0,14.0,D
620,2016-07-01 18:40:00,EV_6,100.0,20.0,D
621,2016-07-01 18:45:00,PV_1,0.0,0.7655489999999999,S
622,2016-07-01 18:45:00,PV_2,0.0,0.883547,S
623,2016-07-01 18:45:00,PV_3,0.0,0.9956119999999999,S
624,2016-07-01 18:45:00,PV_4,0.0,1.24645,S
625,2016-07-01 18:45:00,PV_5,0.0,1.17141,S
626,2016-07-01 18:45:00,PV_6,0.0,1.12127,S
627,2016-07-01 18:45:00,EV_2,100.0,14.0,D
628,2016-07-01 18:45:00,EV_5,100.0,14.0,D
629,2016-07-01 18:45:00,EV_6,100.0,20.0,D
630,2016-07-01 18:50:00,PV_1,0.0,0.784769,S
631,2016-07-01 18:50:00,PV_2,0.0,0.90573,S
632,2016-07-01 18:50:00,PV_3,0.0,1.02061,S
633,2016-07-01 18:50:00,PV_4,0.0,1.27775,S
634,2016-07-01 18:50:00,PV_5,0.0,1.20082,S
635,2016-07-01 18:50:00,PV_6,0.0,1.14942,S
636,2016-07-01 18:50:00,EV_2,100.0,14.0,D
637,2016-07-01 18:50:00,EV_5,100.0,14.0,D
638,2016-07-01 18:50:00,EV_6,100.0,20.0,D
639,2016-07-01 18:55:00,PV_1,0.0,0.817754,S
640,2016-07-01 18:55:00,PV_2,0.0,0.9437989999999999,S
641,2016-07-01 18:55:00,PV_3,0.0,1.06351,S
642,2016-07-01 18:55:00,PV_4,0.0,1.33145,S
643,2016-07-01 18:55:00,PV_5,0.0,1.25129,S
644,2016-07-01 18:55:00,PV_6,0.0,1.19773,S
645,2016-07-01 18:55:00,EV_2,100.0,14.0,D
646,2016-07-01 18:55:00,EV_5,100.0,14.0,D
647,2016-07-01 18:55:00,EV_6,100.0,20.0,D
648,2016-07-01 19:00:00,PV_1,0.0,0.878561,S
649,2016-07-01 19:00:00,PV_2,0.0,1.01398,S
650,2016-07-01 19:00:00,PV_3,0.0,1.14259,S
651,2016-07-01 19:00:00,PV_4,0.0,1.43046,S
652,2016-07-01 19:00:00,PV_5,0.0,1.3443399999999999,S
653,2016-07-01 19:00:00,PV_6,0.0,1.2867899999999999,S
654,2016-07-01 19:00:00,EV_2,100.0,14.0,D
655,2016-07-01 19:00:00,EV_5,100.0,14.0,D
656,2016-07-01 19:00:00,EV_6,100.0,20.0,D
657,2016-07-01 19:05:00,PV_1,0.0,0.51083,S
658,2016-07-01 19:05:00,PV_2,0.0,0.589567,S
659,2016-07-01 19:05:00,PV_3,0.0,0.6643450000000001,S
660,2016-07-01 19:05:00,PV_4,0.0,0.831724,S
661,2016-07-01 19:05:00,PV_5,0.0,0.781652,S
662,2016-07-01 19:05:00,PV_6,0.0,0.748192,S
663,2016-07-01 19:05:00,EV_2,100.0,14.0,D
664,2016-07-01 19:05:00,EV_5,64.43700256000001,9.430800000000001,D
665,2016-07-01 19:05:00,EV_6,100.0,20.0,D
666,2016-07-01 19:10:00,PV_1,0.0,0.490545,S
667,2016-07-01 19:10:00,PV_2,0.0,0.566155,S
668,2016-07-01 19:10:00,PV_3,0.0,0.6379640000000001,S
669,2016-07-01 19:10:00,PV_4,0.0,0.7986960000000001,S
670,2016-07-01 19:10:00,PV_5,0.0,0.750612,S
671,2016-07-01 19:10:00,PV_6,0.0,0.718481,S
672,2016-07-01 19:10:00,EV_2,100.0,14.0,D
673,2016-07-01 19:10:00,EV_3,100.0,20.0,D
674,2016-07-01 19:15:00,PV_1,0.0,0.403146,S
675,2016-07-01 19:15:00,PV_2,0.0,0.465286,S
676,2016-07-01 19:15:00,PV_3,0.0,0.5243,S
677,2016-07-01 19:15:00,PV_4,0.0,0.656395,S
678,2016-07-01 19:15:00,PV_5,0.0,0.616878,S
679,2016-07-01 19:15:00,PV_6,0.0,0.590472,S
680,2016-07-01 19:15:00,EV_2,100.0,14.0,D
681,2016-07-01 19:15:00,EV_3,100.0,20.0,D
682,2016-07-01 19:20:00,PV_1,0.0,0.386179,S
683,2016-07-01 19:20:00,PV_2,0.0,0.44570299999999996,S
684,2016-07-01 19:20:00,PV_3,0.0,0.502233,S
685,2016-07-01 19:20:00,PV_4,0.0,0.628769,S
686,2016-07-01 19:20:00,PV_5,0.0,0.590915,S
687,2016-07-01 19:20:00,PV_6,0.0,0.56562,S
688,2016-07-01 19:20:00,EV_2,100.0,14.0,D
689,2016-07-01 19:20:00,EV_3,100.0,20.0,D
690,2016-07-01 19:25:00,PV_1,0.0,0.369467,S
691,2016-07-01 19:25:00,PV_2,0.0,0.42641500000000004,S
692,2016-07-01 19:25:00,PV_3,0.0,0.480499,S
693,2016-07-01 19:25:00,PV_4,0.0,0.601558,S
694,2016-07-01 19:25:00,PV_5,0.0,0.5653429999999999,S
695,2016-07-01 19:25:00,PV_6,0.0,0.541143,S
696,2016-07-01 19:25:00,EV_2,100.0,14.0,D
697,2016-07-01 19:25:00,EV_3,100.0,20.0,D
698,2016-07-01 19:30:00,PV_1,0.0,0.352466,S
699,2016-07-01 19:30:00,PV_2,0.0,0.406793,S
700,2016-07-01 19:30:00,PV_3,0.0,0.458389,S
701,2016-07-01 19:30:00,PV_4,0.0,0.573878,S
702,2016-07-01 19:30:00,PV_5,0.0,0.539329,S
703,2016-07-01 19:30:00,PV_6,0.0,0.516242,S
704,2016-07-01 19:30:00,EV_2,100.0,14.0,D
705,2016-07-01 19:30:00,EV_3,100.0,20.0,D
706,2016-07-01 19:35:00,PV_1,0.0,0.335396,S
707,2016-07-01 19:35:00,PV_2,0.0,0.387092,S
708,2016-07-01 19:35:00,PV_3,0.0,0.43618900000000005,S
709,2016-07-01 19:35:00,PV_4,0.0,0.546085,S
710,2016-07-01 19:35:00,PV_5,0.0,0.5132089999999999,S
711,2016-07-01 19:35:00,PV_6,0.0,0.491241,S
712,2016-07-01 19:35:00,EV_2,100.0,14.0,D
713,2016-07-01 19:35:00,EV_3,100.0,20.0,D
714,2016-07-01 19:40:00,PV_1,0.0,0.318161,S
715,2016-07-01 19:40:00,PV_2,0.0,0.367201,S
716,2016-07-01 19:40:00,PV_3,0.0,0.413775,S
717,2016-07-01 19:40:00,PV_4,0.0,0.518024,S
718,2016-07-01 19:40:00,PV_5,0.0,0.48683699999999996,S
719,2016-07-01 19:40:00,PV_6,0.0,0.46599799999999997,S
720,2016-07-01 19:40:00,EV_2,100.0,14.0,D
721,2016-07-01 19:40:00,EV_3,100.0,20.0,D
722,2016-07-01 19:45:00,PV_1,0.0,0.300922,S
723,2016-07-01 19:45:00,PV_2,0.0,0.34730500000000003,S
724,2016-07-01 19:45:00,PV_3,0.0,0.391355,S
725,2016-07-01 19:45:00,PV_4,0.0,0.489956,S
726,2016-07-01 19:45:00,PV_5,0.0,0.460459,S
727,2016-07-01 19:45:00,PV_6,0.0,0.440749,S
728,2016-07-01 19:45:00,EV_2,100.0,14.0,D
729,2016-07-01 19:45:00,EV_3,100.0,20.0,D
730,2016-07-01 19:50:00,PV_1,0.0,0.283552,S
731,2016-07-01 19:50:00,PV_2,0.0,0.327258,S
732,2016-07-01 19:50:00,PV_3,0.0,0.36876600000000004,S
733,2016-07-01 19:50:00,PV_4,0.0,0.461674,S
734,2016-07-01 19:50:00,PV_5,0.0,0.43388,S
735,2016-07-01 19:50:00,PV_6,0.0,0.415308,S
736,2016-07-01 19:50:00,EV_2,100.0,14.0,D
737,2016-07-01 19:50:00,EV_3,100.0,20.0,D
738,2016-07-01 19:55:00,PV_1,0.0,0.266262,S
739,2016-07-01 19:55:00,PV_2,0.0,0.307302,S
740,2016-07-01 19:55:00,PV_3,0.0,0.346279,S
741,2016-07-01 19:55:00,PV_4,0.0,0.43352300000000005,S
742,2016-07-01 19:55:00,PV_5,0.0,0.407423,S
743,2016-07-01 19:55:00,PV_6,0.0,0.389983,S
744,2016-07-01 19:55:00,EV_2,100.0,14.0,D
745,2016-07-01 19:55:00,EV_3,100.0,20.0,D
746,2016-07-01 20:00:00,PV_1,0.0,0.239287,S
747,2016-07-01 20:00:00,PV_2,0.0,0.276169,S
748,2016-07-01 20:00:00,PV_3,0.0,0.311197,S
749,2016-07-01 20:00:00,PV_4,0.0,0.38960199999999995,S
750,2016-07-01 20:00:00,PV_5,0.0,0.366147,S
751,2016-07-01 20:00:00,PV_6,0.0,0.35047300000000003,S
752,2016-07-01 20:00:00,EV_2,100.0,14.0,D
753,2016-07-01 20:00:00,EV_3,100.0,20.0,D
754,2016-07-01 20:00:00,EV_4,100.0,10.0,D
755,2016-07-01 20:00:00,EV_6,28.397508880000004,8.358,D
756,2016-07-01 20:05:00,PV_1,0.0,0.215309,S
757,2016-07-01 20:05:00,PV_2,0.0,0.24849600000000002,S
758,2016-07-01 20:05:00,PV_3,0.0,0.280014,S
759,2016-07-01 20:05:00,PV_4,0.0,0.350563,S
760,2016-07-01 20:05:00,PV_5,0.0,0.32945800000000003,S
761,2016-07-01 20:05:00,PV_6,0.0,0.315355,S
762,2016-07-01 20:05:00,EV_3,37.61960506800001,10.496400000000001,D
763,2016-07-01 20:05:00,EV_4,100.0,10.0,D
764,2016-07-01 20:10:00,PV_1,0.0,0.190634,S
765,2016-07-01 20:10:00,PV_2,0.0,0.220017,S
766,2016-07-01 20:10:00,PV_3,0.0,0.247923,S
767,2016-07-01 20:10:00,PV_4,0.0,0.31038600000000005,S
768,2016-07-01 20:10:00,PV_5,0.0,0.2917,S
769,2016-07-01 20:10:00,PV_6,0.0,0.27921300000000004,S
770,2016-07-01 20:10:00,EV_4,100.0,10.0,D
771,2016-07-01 20:15:00,PV_1,0.0,0.173935,S
772,2016-07-01 20:15:00,PV_2,0.0,0.200745,S
773,2016-07-01 20:15:00,PV_3,0.0,0.226206,S
774,2016-07-01 20:15:00,PV_4,0.0,0.283198,S
775,2016-07-01 20:15:00,PV_5,0.0,0.266149,S
776,2016-07-01 20:15:00,PV_6,0.0,0.254756,S
777,2016-07-01 20:15:00,EV_4,100.0,10.0,D
778,2016-07-01 20:20:00,PV_1,0.0,0.150762,S
779,2016-07-01 20:20:00,PV_2,0.0,0.174,S
780,2016-07-01 20:20:00,PV_3,0.0,0.196069,S
781,2016-07-01 20:20:00,PV_4,0.0,0.245468,S
782,2016-07-01 20:20:00,PV_5,0.0,0.23069,S
783,2016-07-01 20:20:00,PV_6,0.0,0.220815,S
784,2016-07-01 20:20:00,EV_4,100.0,10.0,D
785,2016-07-01 20:25:00,PV_1,0.0,0.12892599999999999,S
786,2016-07-01 20:25:00,PV_2,0.0,0.148798,S
787,2016-07-01 20:25:00,PV_3,0.0,0.167671,S
788,2016-07-01 20:25:00,PV_4,0.0,0.209915,S
789,2016-07-01 20:25:00,PV_5,0.0,0.19727799999999998,S
790,2016-07-01 20:25:00,PV_6,0.0,0.188833,S
791,2016-07-01 20:25:00,EV_4,100.0,10.0,D
792,2016-07-01 20:30:00,PV_1,0.0,0.108459,S
793,2016-07-01 20:30:00,PV_2,0.0,0.125176,S
794,2016-07-01 20:30:00,PV_3,0.0,0.14105199999999998,S
795,2016-07-01 20:30:00,PV_4,0.0,0.17659,S
796,2016-07-01 20:30:00,PV_5,0.0,0.165959,S
797,2016-07-01 20:30:00,PV_6,0.0,0.158855,S
798,2016-07-01 20:30:00,EV_4,100.0,10.0,D
799,2016-07-01 20:35:00,PV_1,0.0,0.0893885,S
800,2016-07-01 20:35:00,PV_2,0.0,0.103167,S
801,2016-07-01 20:35:00,PV_3,0.0,0.116252,S
802,2016-07-01 20:35:00,PV_4,0.0,0.145541,S
803,2016-07-01 20:35:00,PV_5,0.0,0.13677899999999998,S
804,2016-07-01 20:35:00,PV_6,0.0,0.130924,S
805,2016-07-01 20:35:00,EV_1,100.0,7.0,D
806,2016-07-01 20:35:00,EV_4,100.0,10.0,D
807,2016-07-01 20:40:00,PV_1,0.0,0.0717441,S
808,2016-07-01 20:40:00,PV_2,0.0,0.0828025,S
809,2016-07-01 20:40:00,PV_3,0.0,0.09330469999999999,S
810,2016-07-01 20:40:00,PV_4,0.0,0.116812,S
811,2016-07-01 20:40:00,PV_5,0.0,0.10978,S
812,2016-07-01 20:40:00,PV_6,0.0,0.10508100000000001,S
813,2016-07-01 20:40:00,EV_1,100.0,7.0,D
814,2016-07-01 20:40:00,EV_4,100.0,10.0,D
815,2016-07-01 20:45:00,PV_1,0.0,0.0555513,S
816,2016-07-01 20:45:00,PV_2,0.0,0.0641137,S
817,2016-07-01 20:45:00,PV_3,0.0,0.0722455,S
818,2016-07-01 20:45:00,PV_4,0.0,0.0904475,S
819,2016-07-01 20:45:00,PV_5,0.0,0.0850023,S
820,2016-07-01 20:45:00,PV_6,0.0,0.0813637,S
821,2016-07-01 20:45:00,EV_1,100.0,7.0,D
822,2016-07-01 20:45:00,EV_4,100.0,10.0,D
823,2016-07-01 20:50:00,PV_1,0.0,0.0452462,S
824,2016-07-01 20:50:00,PV_2,0.0,0.0522202,S
825,2016-07-01 20:50:00,PV_3,0.0,0.0588435,S
826,2016-07-01 20:50:00,PV_4,0.0,0.0736689,S
827,2016-07-01 20:50:00,PV_5,0.0,0.0692339,S
828,2016-07-01 20:50:00,PV_6,0.0,0.0662702,S
829,2016-07-01 20:50:00,EV_1,100.0,7.0,D
830,2016-07-01 20:50:00,EV_4,100.0,10.0,D
831,2016-07-01 20:55:00,PV_1,0.0,0.029862200000000002,S
832,2016-07-01 20:55:00,PV_2,0.0,0.0344651,S
833,2016-07-01 20:55:00,PV_3,0.0,0.0388364,S
834,2016-07-01 20:55:00,PV_4,0.0,0.0486211,S
835,2016-07-01 20:55:00,PV_5,0.0,0.045694000000000005,S
836,2016-07-01 20:55:00,PV_6,0.0,0.043738,S
837,2016-07-01 20:55:00,EV_1,100.0,7.0,D
838,2016-07-01 20:55:00,EV_4,100.0,10.0,D
839,2016-07-01 21:00:00,PV_1,0.0,0.0184363,S
840,2016-07-01 21:00:00,PV_2,0.0,0.021278,S
841,2016-07-01 21:00:00,PV_3,0.0,0.0239768,S
842,2016-07-01 21:00:00,PV_4,0.0,0.030017600000000002,S
843,2016-07-01 21:00:00,PV_5,0.0,0.0282105,S
844,2016-07-01 21:00:00,PV_6,0.0,0.0270029,S
845,2016-07-01 21:00:00,EV_1,100.0,7.0,D
846,2016-07-01 21:00:00,EV_4,100.0,10.0,D
847,2016-07-01 21:05:00,PV_1,0.0,0.0124195,S
848,2016-07-01 21:05:00,PV_2,0.0,0.0143337,S
849,2016-07-01 21:05:00,PV_3,0.0,0.0161518,S
850,2016-07-01 21:05:00,PV_4,0.0,0.0202211,S
851,2016-07-01 21:05:00,PV_5,0.0,0.019003799999999998,S
852,2016-07-01 21:05:00,PV_6,0.0,0.0181903,S
853,2016-07-01 21:05:00,EV_1,100.0,7.0,D
854,2016-07-01 21:05:00,EV_4,100.0,10.0,D
855,2016-07-01 21:10:00,PV_1,0.0,0.0108316,S
856,2016-07-01 21:10:00,PV_2,0.0,0.0125011,S
857,2016-07-01 21:10:00,PV_3,0.0,0.0140867,S
858,2016-07-01 21:10:00,PV_4,0.0,0.0176357,S
859,2016-07-01 21:10:00,PV_5,0.0,0.016574000000000002,S
860,2016-07-01 21:10:00,PV_6,0.0,0.0158646,S
861,2016-07-01 21:10:00,EV_1,100.0,7.0,D
862,2016-07-01 21:10:00,EV_4,100.0,10.0,D
863,2016-07-01 21:15:00,PV_1,0.0,0.0093355,S
864,2016-07-01 21:15:00,PV_2,0.0,0.0107744,S
865,2016-07-01 21:15:00,PV_3,0.0,0.012141,S
866,2016-07-01 21:15:00,PV_4,0.0,0.015199899999999999,S
867,2016-07-01 21:15:00,PV_5,0.0,0.0142848,S
868,2016-07-01 21:15:00,PV_6,0.0,0.0136733,S
869,2016-07-01 21:15:00,EV_1,100.0,7.0,D
870,2016-07-01 21:15:00,EV_4,100.0,10.0,D
871,2016-07-01 21:20:00,PV_1,0.0,0.00793457,S
872,2016-07-01 21:20:00,PV_2,0.0,0.00915757,S
873,2016-07-01 21:20:00,PV_3,0.0,0.010319100000000001,S
874,2016-07-01 21:20:00,PV_4,0.0,0.0129189,S
875,2016-07-01 21:20:00,PV_5,0.0,0.0121412,S
876,2016-07-01 21:20:00,PV_6,0.0,0.011621399999999999,S
877,2016-07-01 21:20:00,EV_1,100.0,7.0,D
878,2016-07-01 21:20:00,EV_4,100.0,10.0,D
879,2016-07-01 21:25:00,PV_1,0.0,0.00662629,S
880,2016-07-01 21:25:00,PV_2,0.0,0.00764764,S
881,2016-07-01 21:25:00,PV_3,0.0,0.00861763,S
882,2016-07-01 21:25:00,PV_4,0.0,0.0107888,S
883,2016-07-01 21:25:00,PV_5,0.0,0.0101393,S
884,2016-07-01 21:25:00,PV_6,0.0,0.00970526,S
885,2016-07-01 21:25:00,EV_1,100.0,7.0,D
886,2016-07-01 21:25:00,EV_4,100.0,10.0,D
887,2016-07-01 21:30:00,PV_1,0.0,0.00541201,S
888,2016-07-01 21:30:00,PV_2,0.0,0.00624619,S
889,2016-07-01 21:30:00,PV_3,0.0,0.00703842,S
890,2016-07-01 21:30:00,PV_4,0.0,0.008811719999999999,S
891,2016-07-01 21:30:00,PV_5,0.0,0.00828123,S
892,2016-07-01 21:30:00,PV_6,0.0,0.00792675,S
893,2016-07-01 21:30:00,EV_1,100.0,7.0,D
894,2016-07-01 21:30:00,EV_4,100.0,10.0,D
895,2016-07-01 21:35:00,PV_1,0.0,0.0042920499999999995,S
896,2016-07-01 21:35:00,PV_2,0.0,0.004953610000000001,S
897,2016-07-01 21:35:00,PV_3,0.0,0.00558189,S
898,2016-07-01 21:35:00,PV_4,0.0,0.00698823,S
899,2016-07-01 21:35:00,PV_5,0.0,0.00656752,S
900,2016-07-01 21:35:00,PV_6,0.0,0.00628639,S
901,2016-07-01 21:35:00,EV_1,100.0,7.0,D
902,2016-07-01 21:35:00,EV_4,100.0,10.0,D
903,2016-07-01 21:40:00,PV_1,0.0,0.00326662,S
904,2016-07-01 21:40:00,PV_2,0.0,0.00377012,S
905,2016-07-01 21:40:00,PV_3,0.0,0.0042483,S
906,2016-07-01 21:40:00,PV_4,0.0,0.00531865,S
907,2016-07-01 21:40:00,PV_5,0.0,0.00499845,S
908,2016-07-01 21:40:00,PV_6,0.0,0.00478449,S
909,2016-07-01 21:40:00,EV_1,100.0,7.0,D
910,2016-07-01 21:40:00,EV_4,100.0,10.0,D
911,2016-07-01 21:45:00,PV_1,0.0,0.00233621,S
912,2016-07-01 21:45:00,PV_2,0.0,0.0026963,S
913,2016-07-01 21:45:00,PV_3,0.0,0.00303829,S
914,2016-07-01 21:45:00,PV_4,0.0,0.00380377,S
915,2016-07-01 21:45:00,PV_5,0.0,0.00357478,S
916,2016-07-01 21:45:00,PV_6,0.0,0.00342175,S
917,2016-07-01 21:45:00,EV_1,100.0,7.0,D
918,2016-07-01 21:45:00,EV_4,100.0,10.0,D
919,2016-07-01 21:50:00,PV_1,0.0,0.00150118,S
920,2016-07-01 21:50:00,PV_2,0.0,0.0017325600000000002,S
921,2016-07-01 21:50:00,PV_3,0.0,0.00195231,S
922,2016-07-01 21:50:00,PV_4,0.0,0.0024441899999999997,S
923,2016-07-01 21:50:00,PV_5,0.0,0.0022970399999999998,S
924,2016-07-01 21:50:00,PV_6,0.0,0.00219871,S
925,2016-07-01 21:50:00,EV_1,100.0,7.0,D
926,2016-07-01 21:50:00,EV_4,100.0,10.0,D
927,2016-07-01 21:55:00,PV_1,0.0,0.000761432,S
928,2016-07-01 21:55:00,PV_2,0.0,0.000878796,S
929,2016-07-01 21:55:00,PV_3,0.0,0.000990258,S
930,2016-07-01 21:55:00,PV_4,0.0,0.00123975,S
931,2016-07-01 21:55:00,PV_5,0.0,0.00116511,S
932,2016-07-01 21:55:00,PV_6,0.0,0.00111524,S
933,2016-07-01 21:55:00,EV_1,100.0,7.0,D
934,2016-07-01 21:55:00,EV_4,100.0,10.0,D
935,2016-07-01 22:00:00,PV_1,0.0,0.000117328,S
936,2016-07-01 22:00:00,PV_2,0.0,0.000135412,S
937,2016-07-01 22:00:00,PV_3,0.0,0.000152587,S
938,2016-07-01 22:00:00,PV_4,0.0,0.000191031,S
939,2016-07-01 22:00:00,PV_5,0.0,0.00017952999999999998,S
940,2016-07-01 22:00:00,PV_6,0.0,0.000171845,S
941,2016-07-01 22:00:00,EV_1,100.0,7.0,D
942,2016-07-01 22:00:00,EV_4,100.0,10.0,D
943,2016-07-01 22:05:00,EV_1,100.0,7.0,D
944,2016-07-01 22:05:00,EV_4,88.67070521600002,8.365200000000002,D
945,2016-07-01 22:10:00,EV_1,100.0,7.0,D
946,2016-07-01 22:15:00,EV_1,100.0,7.0,D
947,2016-07-01 22:20:00,EV_1,100.0,7.0,D
948,2016-07-01 22:25:00,EV_1,100.0,7.0,D
949,2016-07-01 22:30:00,EV_1,100.0,7.0,D
950,2016-07-01 22:35:00,EV_1,100.0,7.0,D
951,2016-07-01 22:40:00,EV_1,100.0,7.0,D
952,2016-07-01 22:45:00,EV_1,100.0,7.0,D
953,2016-07-01 22:50:00,EV_1,100.0,7.0,D
954,2016-07-01 22:55:00,EV_1,100.0,7.0,D
955,2016-07-01 23:00:00,EV_1,100.0,7.0,D
956,2016-07-01 23:05:00,EV_1,100.0,7.0,D
957,2016-07-01 23:10:00,EV_1,100.0,7.0,D
958,2016-07-01 23:15:00,EV_1,100.0,7.0,D
959,2016-07-01 23:20:00,EV_1,100.0,7.0,D
960,2016-07-01 23:25:00,EV_1,100.0,7.0,D
961,2016-07-01 23:30:00,EV_1,67.79024688,3.6048,D
