bid_id,start_time,end_time,p_bid,q_bid,is_supply,comment,market_id,updated_at,created_at
1,2021-09-22 00:00:00,2021-09-22 00:05:00,0.799213,475.851,0,export,1,2021-09-29 19:44:42,2021-09-29 19:44:42
2,2021-09-22 00:00:00,2021-09-22 00:05:00,0.809213,951.701,1,import,1,2021-09-29 19:44:42,2021-09-29 19:44:42
3,2021-09-22 00:00:00,2021-09-22 00:05:00,100,0,0,unresp_load,1,2021-09-29 19:44:42,2021-09-29 19:44:42
4,2021-09-22 00:05:00,2021-09-22 00:10:00,0.0787385,492.075,0,export,1,2021-09-29 19:44:44,2021-09-29 19:44:44
5,2021-09-22 00:05:00,2021-09-22 00:10:00,0.0887385,984.151,1,import,1,2021-09-29 19:44:44,2021-09-29 19:44:44
6,2021-09-22 00:05:00,2021-09-22 00:10:00,100,4.015,0,unresp_load,1,2021-09-29 19:44:44,2021-09-29 19:44:44
7,2021-09-22 00:10:00,2021-09-22 00:15:00,0.27054,459.836,0,export,1,2021-09-29 19:44:46,2021-09-29 19:44:46
8,2021-09-22 00:10:00,2021-09-22 00:15:00,0.28054,919.672,1,import,1,2021-09-29 19:44:46,2021-09-29 19:44:46
9,2021-09-22 00:10:00,2021-09-22 00:15:00,100,3.912,0,unresp_load,1,2021-09-29 19:44:46,2021-09-29 19:44:46
10,2021-09-22 00:15:00,2021-09-22 00:20:00,0.376434,464.402,0,export,1,2021-09-29 19:44:48,2021-09-29 19:44:48
11,2021-09-22 00:15:00,2021-09-22 00:20:00,0.386434,928.804,1,import,1,2021-09-29 19:44:48,2021-09-29 19:44:48
12,2021-09-22 00:15:00,2021-09-22 00:20:00,100,3.912,0,unresp_load,1,2021-09-29 19:44:48,2021-09-29 19:44:48
13,2021-09-22 00:20:00,2021-09-22 00:25:00,0.95244,545.186,0,export,1,2021-09-29 19:44:50,2021-09-29 19:44:50
14,2021-09-22 00:20:00,2021-09-22 00:25:00,0.96244,1090.37,1,import,1,2021-09-29 19:44:50,2021-09-29 19:44:50
15,2021-09-22 00:20:00,2021-09-22 00:25:00,100,3.912,0,unresp_load,1,2021-09-29 19:44:50,2021-09-29 19:44:50
16,2021-09-22 00:25:00,2021-09-22 00:30:00,0.731631,463.122,0,export,1,2021-09-29 19:44:52,2021-09-29 19:44:52
17,2021-09-22 00:25:00,2021-09-22 00:30:00,0.741631,926.243,1,import,1,2021-09-29 19:44:52,2021-09-29 19:44:52
18,2021-09-22 00:25:00,2021-09-22 00:30:00,100,3.912,0,unresp_load,1,2021-09-29 19:44:52,2021-09-29 19:44:52
19,2021-09-22 00:30:00,2021-09-22 00:35:00,0.863604,525.541,0,export,1,2021-09-29 19:44:54,2021-09-29 19:44:54
20,2021-09-22 00:30:00,2021-09-22 00:35:00,0.873604,1051.08,1,import,1,2021-09-29 19:44:54,2021-09-29 19:44:54
21,2021-09-22 00:30:00,2021-09-22 00:35:00,100,3.912,0,unresp_load,1,2021-09-29 19:44:54,2021-09-29 19:44:54
22,2021-09-22 00:35:00,2021-09-22 00:40:00,0.135138,534.4,0,export,1,2021-09-29 19:44:56,2021-09-29 19:44:56
23,2021-09-22 00:35:00,2021-09-22 00:40:00,0.145138,1068.8,1,import,1,2021-09-29 19:44:56,2021-09-29 19:44:56
24,2021-09-22 00:35:00,2021-09-22 00:40:00,100,3.912,0,unresp_load,1,2021-09-29 19:44:56,2021-09-29 19:44:56
25,2021-09-22 00:40:00,2021-09-22 00:45:00,0.871679,534.579,0,export,1,2021-09-29 19:44:58,2021-09-29 19:44:58
26,2021-09-22 00:40:00,2021-09-22 00:45:00,0.881679,1069.16,1,import,1,2021-09-29 19:44:58,2021-09-29 19:44:58
27,2021-09-22 00:40:00,2021-09-22 00:45:00,100,3.912,0,unresp_load,1,2021-09-29 19:44:58,2021-09-29 19:44:58
28,2021-09-22 00:45:00,2021-09-22 00:50:00,0.674843,537.693,0,export,1,2021-09-29 19:45:00,2021-09-29 19:45:00
29,2021-09-22 00:45:00,2021-09-22 00:50:00,0.684843,1075.39,1,import,1,2021-09-29 19:45:00,2021-09-29 19:45:00
30,2021-09-22 00:45:00,2021-09-22 00:50:00,100,3.912,0,unresp_load,1,2021-09-29 19:45:00,2021-09-29 19:45:00
31,2021-09-22 00:50:00,2021-09-22 00:55:00,0.339762,493.759,0,export,1,2021-09-29 19:45:02,2021-09-29 19:45:02
32,2021-09-22 00:50:00,2021-09-22 00:55:00,0.349762,987.518,1,import,1,2021-09-29 19:45:02,2021-09-29 19:45:02
33,2021-09-22 00:50:00,2021-09-22 00:55:00,100,3.912,0,unresp_load,1,2021-09-29 19:45:02,2021-09-29 19:45:02
34,2021-09-22 00:55:00,2021-09-22 01:00:00,0.367159,543.369,0,export,1,2021-09-29 19:45:04,2021-09-29 19:45:04
35,2021-09-22 00:55:00,2021-09-22 01:00:00,0.377159,1086.74,1,import,1,2021-09-29 19:45:04,2021-09-29 19:45:04
36,2021-09-22 00:55:00,2021-09-22 01:00:00,100,3.912,0,unresp_load,1,2021-09-29 19:45:04,2021-09-29 19:45:04
37,2021-09-22 01:00:00,2021-09-22 01:05:00,-0.00115708,504.98,0,export,1,2021-09-29 19:45:06,2021-09-29 19:45:06
38,2021-09-22 01:00:00,2021-09-22 01:05:00,0.00884292,1009.96,1,import,1,2021-09-29 19:45:06,2021-09-29 19:45:06
39,2021-09-22 01:00:00,2021-09-22 01:05:00,100,3.912,0,unresp_load,1,2021-09-29 19:45:06,2021-09-29 19:45:06
40,2021-09-22 01:05:00,2021-09-22 01:10:00,0.0109407,511.057,0,export,1,2021-09-29 19:45:08,2021-09-29 19:45:08
41,2021-09-22 01:05:00,2021-09-22 01:10:00,0.0209407,1022.11,1,import,1,2021-09-29 19:45:08,2021-09-29 19:45:08
42,2021-09-22 01:05:00,2021-09-22 01:10:00,100,3.715,0,unresp_load,1,2021-09-29 19:45:08,2021-09-29 19:45:08
43,2021-09-22 01:10:00,2021-09-22 01:15:00,0.309557,488.977,0,export,1,2021-09-29 19:45:10,2021-09-29 19:45:10
44,2021-09-22 01:10:00,2021-09-22 01:15:00,0.319557,977.954,1,import,1,2021-09-29 19:45:10,2021-09-29 19:45:10
45,2021-09-22 01:10:00,2021-09-22 01:15:00,100,3.715,0,unresp_load,1,2021-09-29 19:45:10,2021-09-29 19:45:10
46,2021-09-22 01:15:00,2021-09-22 01:20:00,0.313402,497.551,0,export,1,2021-09-29 19:45:12,2021-09-29 19:45:12
47,2021-09-22 01:15:00,2021-09-22 01:20:00,0.323402,995.101,1,import,1,2021-09-29 19:45:12,2021-09-29 19:45:12
48,2021-09-22 01:15:00,2021-09-22 01:20:00,100,3.715,0,unresp_load,1,2021-09-29 19:45:12,2021-09-29 19:45:12
49,2021-09-22 01:20:00,2021-09-22 01:25:00,0.916609,454.689,0,export,1,2021-09-29 19:45:14,2021-09-29 19:45:14
50,2021-09-22 01:20:00,2021-09-22 01:25:00,0.926609,909.379,1,import,1,2021-09-29 19:45:14,2021-09-29 19:45:14
51,2021-09-22 01:20:00,2021-09-22 01:25:00,100,3.715,0,unresp_load,1,2021-09-29 19:45:14,2021-09-29 19:45:14
52,2021-09-22 01:25:00,2021-09-22 01:30:00,0.144157,468.483,0,export,1,2021-09-29 19:45:15,2021-09-29 19:45:15
53,2021-09-22 01:25:00,2021-09-22 01:30:00,0.154157,936.965,1,import,1,2021-09-29 19:45:15,2021-09-29 19:45:15
54,2021-09-22 01:25:00,2021-09-22 01:30:00,100,3.715,0,unresp_load,1,2021-09-29 19:45:16,2021-09-29 19:45:16
55,2021-09-22 01:30:00,2021-09-22 01:35:00,0.179635,501.036,0,export,1,2021-09-29 19:45:17,2021-09-29 19:45:17
56,2021-09-22 01:30:00,2021-09-22 01:35:00,0.189635,1002.07,1,import,1,2021-09-29 19:45:17,2021-09-29 19:45:17
57,2021-09-22 01:30:00,2021-09-22 01:35:00,100,3.715,0,unresp_load,1,2021-09-29 19:45:18,2021-09-29 19:45:18
58,2021-09-22 01:35:00,2021-09-22 01:40:00,0.360909,540.048,0,export,1,2021-09-29 19:45:19,2021-09-29 19:45:19
59,2021-09-22 01:35:00,2021-09-22 01:40:00,0.370909,1080.1,1,import,1,2021-09-29 19:45:19,2021-09-29 19:45:19
60,2021-09-22 01:35:00,2021-09-22 01:40:00,100,3.715,0,unresp_load,1,2021-09-29 19:45:20,2021-09-29 19:45:20
61,2021-09-22 01:40:00,2021-09-22 01:45:00,0.394436,489.606,0,export,1,2021-09-29 19:45:21,2021-09-29 19:45:21
62,2021-09-22 01:40:00,2021-09-22 01:45:00,0.404436,979.212,1,import,1,2021-09-29 19:45:21,2021-09-29 19:45:21
63,2021-09-22 01:40:00,2021-09-22 01:45:00,100,3.715,0,unresp_load,1,2021-09-29 19:45:22,2021-09-29 19:45:22
64,2021-09-22 01:45:00,2021-09-22 01:50:00,0.303765,470.791,0,export,1,2021-09-29 19:45:23,2021-09-29 19:45:23
65,2021-09-22 01:45:00,2021-09-22 01:50:00,0.313765,941.581,1,import,1,2021-09-29 19:45:24,2021-09-29 19:45:24
66,2021-09-22 01:45:00,2021-09-22 01:50:00,100,3.715,0,unresp_load,1,2021-09-29 19:45:24,2021-09-29 19:45:24
67,2021-09-22 01:50:00,2021-09-22 01:55:00,0.964317,506.789,0,export,1,2021-09-29 19:45:25,2021-09-29 19:45:25
68,2021-09-22 01:50:00,2021-09-22 01:55:00,0.974317,1013.58,1,import,1,2021-09-29 19:45:26,2021-09-29 19:45:26
69,2021-09-22 01:50:00,2021-09-22 01:55:00,100,3.715,0,unresp_load,1,2021-09-29 19:45:26,2021-09-29 19:45:26
70,2021-09-22 01:55:00,2021-09-22 02:00:00,0.58856,478.096,0,export,1,2021-09-29 19:45:27,2021-09-29 19:45:27
71,2021-09-22 01:55:00,2021-09-22 02:00:00,0.59856,956.191,1,import,1,2021-09-29 19:45:27,2021-09-29 19:45:27
72,2021-09-22 01:55:00,2021-09-22 02:00:00,100,3.715,0,unresp_load,1,2021-09-29 19:45:28,2021-09-29 19:45:28
73,2021-09-22 02:00:00,2021-09-22 02:05:00,0.147138,474.837,0,export,1,2021-09-29 19:45:29,2021-09-29 19:45:29
74,2021-09-22 02:00:00,2021-09-22 02:05:00,0.157138,949.675,1,import,1,2021-09-29 19:45:29,2021-09-29 19:45:29
75,2021-09-22 02:00:00,2021-09-22 02:05:00,100,3.715,0,unresp_load,1,2021-09-29 19:45:30,2021-09-29 19:45:30
76,2021-09-22 02:05:00,2021-09-22 02:10:00,0.0663992,492.034,0,export,1,2021-09-29 19:45:31,2021-09-29 19:45:31
77,2021-09-22 02:05:00,2021-09-22 02:10:00,0.0763992,984.067,1,import,1,2021-09-29 19:45:31,2021-09-29 19:45:31
78,2021-09-22 02:05:00,2021-09-22 02:10:00,100,3.602,0,unresp_load,1,2021-09-29 19:45:32,2021-09-29 19:45:32
79,2021-09-22 02:10:00,2021-09-22 02:15:00,0.987995,529.15,0,export,1,2021-09-29 19:45:33,2021-09-29 19:45:33
80,2021-09-22 02:10:00,2021-09-22 02:15:00,0.997995,1058.3,1,import,1,2021-09-29 19:45:33,2021-09-29 19:45:33
81,2021-09-22 02:10:00,2021-09-22 02:15:00,100,3.602,0,unresp_load,1,2021-09-29 19:45:34,2021-09-29 19:45:34
82,2021-09-22 02:15:00,2021-09-22 02:20:00,0.290329,474.494,0,export,1,2021-09-29 19:45:35,2021-09-29 19:45:35
83,2021-09-22 02:15:00,2021-09-22 02:20:00,0.300329,948.989,1,import,1,2021-09-29 19:45:35,2021-09-29 19:45:35
84,2021-09-22 02:15:00,2021-09-22 02:20:00,100,3.602,0,unresp_load,1,2021-09-29 19:45:36,2021-09-29 19:45:36
85,2021-09-22 02:20:00,2021-09-22 02:25:00,0.725897,523.011,0,export,1,2021-09-29 19:45:37,2021-09-29 19:45:37
86,2021-09-22 02:20:00,2021-09-22 02:25:00,0.735897,1046.02,1,import,1,2021-09-29 19:45:37,2021-09-29 19:45:37
87,2021-09-22 02:20:00,2021-09-22 02:25:00,100,3.602,0,unresp_load,1,2021-09-29 19:45:38,2021-09-29 19:45:38
88,2021-09-22 02:25:00,2021-09-22 02:30:00,0.0198508,495.225,0,export,1,2021-09-29 19:45:39,2021-09-29 19:45:39
89,2021-09-22 02:25:00,2021-09-22 02:30:00,0.0298508,990.45,1,import,1,2021-09-29 19:45:39,2021-09-29 19:45:39
90,2021-09-22 02:25:00,2021-09-22 02:30:00,100,3.602,0,unresp_load,1,2021-09-29 19:45:40,2021-09-29 19:45:40
91,2021-09-22 02:30:00,2021-09-22 02:35:00,0.349384,477.277,0,export,1,2021-09-29 19:45:41,2021-09-29 19:45:41
92,2021-09-22 02:30:00,2021-09-22 02:35:00,0.359384,954.554,1,import,1,2021-09-29 19:45:41,2021-09-29 19:45:41
93,2021-09-22 02:30:00,2021-09-22 02:35:00,100,3.602,0,unresp_load,1,2021-09-29 19:45:42,2021-09-29 19:45:42
94,2021-09-22 02:35:00,2021-09-22 02:40:00,0.644793,463.172,0,export,1,2021-09-29 19:45:43,2021-09-29 19:45:43
95,2021-09-22 02:35:00,2021-09-22 02:40:00,0.654793,926.343,1,import,1,2021-09-29 19:45:43,2021-09-29 19:45:43
96,2021-09-22 02:35:00,2021-09-22 02:40:00,100,3.602,0,unresp_load,1,2021-09-29 19:45:44,2021-09-29 19:45:44
97,2021-09-22 02:40:00,2021-09-22 02:45:00,0.866723,507.298,0,export,1,2021-09-29 19:45:45,2021-09-29 19:45:45
98,2021-09-22 02:40:00,2021-09-22 02:45:00,0.876723,1014.6,1,import,1,2021-09-29 19:45:45,2021-09-29 19:45:45
99,2021-09-22 02:40:00,2021-09-22 02:45:00,100,3.602,0,unresp_load,1,2021-09-29 19:45:46,2021-09-29 19:45:46
100,2021-09-22 02:45:00,2021-09-22 02:50:00,0.318152,549.976,0,export,1,2021-09-29 19:45:47,2021-09-29 19:45:47
101,2021-09-22 02:45:00,2021-09-22 02:50:00,0.328152,1099.95,1,import,1,2021-09-29 19:45:47,2021-09-29 19:45:47
102,2021-09-22 02:45:00,2021-09-22 02:50:00,100,3.602,0,unresp_load,1,2021-09-29 19:45:48,2021-09-29 19:45:48
103,2021-09-22 02:50:00,2021-09-22 02:55:00,0.166475,458.446,0,export,1,2021-09-29 19:45:49,2021-09-29 19:45:49
104,2021-09-22 02:50:00,2021-09-22 02:55:00,0.176475,916.893,1,import,1,2021-09-29 19:45:50,2021-09-29 19:45:50
105,2021-09-22 02:50:00,2021-09-22 02:55:00,100,3.602,0,unresp_load,1,2021-09-29 19:45:50,2021-09-29 19:45:50
106,2021-09-22 02:55:00,2021-09-22 03:00:00,0.616299,460.451,0,export,1,2021-09-29 19:45:52,2021-09-29 19:45:52
107,2021-09-22 02:55:00,2021-09-22 03:00:00,0.626299,920.902,1,import,1,2021-09-29 19:45:52,2021-09-29 19:45:52
108,2021-09-22 02:55:00,2021-09-22 03:00:00,100,3.602,0,unresp_load,1,2021-09-29 19:45:52,2021-09-29 19:45:52
109,2021-09-22 03:00:00,2021-09-22 03:05:00,0.597121,455.787,0,export,1,2021-09-29 19:45:54,2021-09-29 19:45:54
110,2021-09-22 03:00:00,2021-09-22 03:05:00,0.607121,911.574,1,import,1,2021-09-29 19:45:54,2021-09-29 19:45:54
111,2021-09-22 03:00:00,2021-09-22 03:05:00,100,3.602,0,unresp_load,1,2021-09-29 19:45:54,2021-09-29 19:45:54
112,2021-09-22 03:05:00,2021-09-22 03:10:00,0.525324,518.168,0,export,1,2021-09-29 19:45:56,2021-09-29 19:45:56
113,2021-09-22 03:05:00,2021-09-22 03:10:00,0.535324,1036.34,1,import,1,2021-09-29 19:45:56,2021-09-29 19:45:56
114,2021-09-22 03:05:00,2021-09-22 03:10:00,100,3.578,0,unresp_load,1,2021-09-29 19:45:56,2021-09-29 19:45:56
115,2021-09-22 03:10:00,2021-09-22 03:15:00,0.377477,524.334,0,export,1,2021-09-29 19:45:58,2021-09-29 19:45:58
116,2021-09-22 03:10:00,2021-09-22 03:15:00,0.387477,1048.67,1,import,1,2021-09-29 19:45:58,2021-09-29 19:45:58
117,2021-09-22 03:10:00,2021-09-22 03:15:00,100,3.578,0,unresp_load,1,2021-09-29 19:45:58,2021-09-29 19:45:58
118,2021-09-22 03:15:00,2021-09-22 03:20:00,0.389049,479.79,0,export,1,2021-09-29 19:46:00,2021-09-29 19:46:00
119,2021-09-22 03:15:00,2021-09-22 03:20:00,0.399049,959.581,1,import,1,2021-09-29 19:46:00,2021-09-29 19:46:00
120,2021-09-22 03:15:00,2021-09-22 03:20:00,100,3.578,0,unresp_load,1,2021-09-29 19:46:00,2021-09-29 19:46:00
121,2021-09-22 03:20:00,2021-09-22 03:25:00,0.446184,501.31,0,export,1,2021-09-29 19:46:02,2021-09-29 19:46:02
122,2021-09-22 03:20:00,2021-09-22 03:25:00,0.456184,1002.62,1,import,1,2021-09-29 19:46:02,2021-09-29 19:46:02
123,2021-09-22 03:20:00,2021-09-22 03:25:00,100,3.578,0,unresp_load,1,2021-09-29 19:46:02,2021-09-29 19:46:02
124,2021-09-22 03:25:00,2021-09-22 03:30:00,0.474727,537.204,0,export,1,2021-09-29 19:46:04,2021-09-29 19:46:04
125,2021-09-22 03:25:00,2021-09-22 03:30:00,0.484727,1074.41,1,import,1,2021-09-29 19:46:04,2021-09-29 19:46:04
126,2021-09-22 03:25:00,2021-09-22 03:30:00,100,3.578,0,unresp_load,1,2021-09-29 19:46:04,2021-09-29 19:46:04
127,2021-09-22 03:30:00,2021-09-22 03:35:00,0.681318,539.356,0,export,1,2021-09-29 19:46:06,2021-09-29 19:46:06
128,2021-09-22 03:30:00,2021-09-22 03:35:00,0.691318,1078.71,1,import,1,2021-09-29 19:46:06,2021-09-29 19:46:06
129,2021-09-22 03:30:00,2021-09-22 03:35:00,100,3.578,0,unresp_load,1,2021-09-29 19:46:06,2021-09-29 19:46:06
130,2021-09-22 03:35:00,2021-09-22 03:40:00,0.630318,457.927,0,export,1,2021-09-29 19:46:08,2021-09-29 19:46:08
131,2021-09-22 03:35:00,2021-09-22 03:40:00,0.640318,915.854,1,import,1,2021-09-29 19:46:08,2021-09-29 19:46:08
132,2021-09-22 03:35:00,2021-09-22 03:40:00,100,3.578,0,unresp_load,1,2021-09-29 19:46:08,2021-09-29 19:46:08
133,2021-09-22 03:40:00,2021-09-22 03:45:00,0.973493,526.718,0,export,1,2021-09-29 19:46:10,2021-09-29 19:46:10
134,2021-09-22 03:40:00,2021-09-22 03:45:00,0.983493,1053.44,1,import,1,2021-09-29 19:46:10,2021-09-29 19:46:10
135,2021-09-22 03:40:00,2021-09-22 03:45:00,100,3.578,0,unresp_load,1,2021-09-29 19:46:10,2021-09-29 19:46:10
136,2021-09-22 03:45:00,2021-09-22 03:50:00,0.0818266,495.789,0,export,1,2021-09-29 19:46:12,2021-09-29 19:46:12
137,2021-09-22 03:45:00,2021-09-22 03:50:00,0.0918266,991.578,1,import,1,2021-09-29 19:46:12,2021-09-29 19:46:12
138,2021-09-22 03:45:00,2021-09-22 03:50:00,100,3.578,0,unresp_load,1,2021-09-29 19:46:12,2021-09-29 19:46:12
139,2021-09-22 03:50:00,2021-09-22 03:55:00,0.790302,462.59,0,export,1,2021-09-29 19:46:14,2021-09-29 19:46:14
140,2021-09-22 03:50:00,2021-09-22 03:55:00,0.800302,925.181,1,import,1,2021-09-29 19:46:14,2021-09-29 19:46:14
141,2021-09-22 03:50:00,2021-09-22 03:55:00,100,3.578,0,unresp_load,1,2021-09-29 19:46:14,2021-09-29 19:46:14
142,2021-09-22 03:55:00,2021-09-22 04:00:00,0.407903,487.308,0,export,1,2021-09-29 19:46:16,2021-09-29 19:46:16
143,2021-09-22 03:55:00,2021-09-22 04:00:00,0.417903,974.616,1,import,1,2021-09-29 19:46:16,2021-09-29 19:46:16
144,2021-09-22 03:55:00,2021-09-22 04:00:00,100,3.578,0,unresp_load,1,2021-09-29 19:46:16,2021-09-29 19:46:16
145,2021-09-22 04:00:00,2021-09-22 04:05:00,0.0443026,500.169,0,export,1,2021-09-29 19:46:18,2021-09-29 19:46:18
146,2021-09-22 04:00:00,2021-09-22 04:05:00,0.0543026,1000.34,1,import,1,2021-09-29 19:46:18,2021-09-29 19:46:18
147,2021-09-22 04:00:00,2021-09-22 04:05:00,100,3.578,0,unresp_load,1,2021-09-29 19:46:18,2021-09-29 19:46:18
148,2021-09-22 04:05:00,2021-09-22 04:10:00,0.666817,516.73,0,export,1,2021-09-29 19:46:20,2021-09-29 19:46:20
149,2021-09-22 04:05:00,2021-09-22 04:10:00,0.676817,1033.46,1,import,1,2021-09-29 19:46:20,2021-09-29 19:46:20
150,2021-09-22 04:05:00,2021-09-22 04:10:00,100,3.576,0,unresp_load,1,2021-09-29 19:46:20,2021-09-29 19:46:20
151,2021-09-22 04:10:00,2021-09-22 04:15:00,0.558911,486.344,0,export,1,2021-09-29 19:46:22,2021-09-29 19:46:22
152,2021-09-22 04:10:00,2021-09-22 04:15:00,0.568911,972.688,1,import,1,2021-09-29 19:46:22,2021-09-29 19:46:22
153,2021-09-22 04:10:00,2021-09-22 04:15:00,100,3.576,0,unresp_load,1,2021-09-29 19:46:22,2021-09-29 19:46:22
154,2021-09-22 04:15:00,2021-09-22 04:20:00,0.587158,461.233,0,export,1,2021-09-29 19:46:24,2021-09-29 19:46:24
155,2021-09-22 04:15:00,2021-09-22 04:20:00,0.597158,922.466,1,import,1,2021-09-29 19:46:24,2021-09-29 19:46:24
156,2021-09-22 04:15:00,2021-09-22 04:20:00,100,3.576,0,unresp_load,1,2021-09-29 19:46:24,2021-09-29 19:46:24
157,2021-09-22 04:20:00,2021-09-22 04:25:00,0.184942,488.267,0,export,1,2021-09-29 19:46:26,2021-09-29 19:46:26
158,2021-09-22 04:20:00,2021-09-22 04:25:00,0.194942,976.534,1,import,1,2021-09-29 19:46:26,2021-09-29 19:46:26
159,2021-09-22 04:20:00,2021-09-22 04:25:00,100,3.576,0,unresp_load,1,2021-09-29 19:46:26,2021-09-29 19:46:26
160,2021-09-22 04:25:00,2021-09-22 04:30:00,0.208532,498.217,0,export,1,2021-09-29 19:46:28,2021-09-29 19:46:28
161,2021-09-22 04:25:00,2021-09-22 04:30:00,0.218532,996.434,1,import,1,2021-09-29 19:46:28,2021-09-29 19:46:28
162,2021-09-22 04:25:00,2021-09-22 04:30:00,100,3.576,0,unresp_load,1,2021-09-29 19:46:29,2021-09-29 19:46:29
163,2021-09-22 04:30:00,2021-09-22 04:35:00,0.119948,531.353,0,export,1,2021-09-29 19:46:30,2021-09-29 19:46:30
164,2021-09-22 04:30:00,2021-09-22 04:35:00,0.129948,1062.71,1,import,1,2021-09-29 19:46:30,2021-09-29 19:46:30
165,2021-09-22 04:30:00,2021-09-22 04:35:00,100,3.576,0,unresp_load,1,2021-09-29 19:46:31,2021-09-29 19:46:31
166,2021-09-22 04:35:00,2021-09-22 04:40:00,0.772369,512.948,0,export,1,2021-09-29 19:46:33,2021-09-29 19:46:33
167,2021-09-22 04:35:00,2021-09-22 04:40:00,0.782369,1025.9,1,import,1,2021-09-29 19:46:33,2021-09-29 19:46:33
168,2021-09-22 04:35:00,2021-09-22 04:40:00,100,3.576,0,unresp_load,1,2021-09-29 19:46:33,2021-09-29 19:46:33
169,2021-09-22 04:40:00,2021-09-22 04:45:00,0.603728,456.248,0,export,1,2021-09-29 19:46:35,2021-09-29 19:46:35
170,2021-09-22 04:40:00,2021-09-22 04:45:00,0.613728,912.496,1,import,1,2021-09-29 19:46:35,2021-09-29 19:46:35
171,2021-09-22 04:40:00,2021-09-22 04:45:00,100,3.576,0,unresp_load,1,2021-09-29 19:46:35,2021-09-29 19:46:35
172,2021-09-22 04:45:00,2021-09-22 04:50:00,0.479894,482.892,0,export,1,2021-09-29 19:46:37,2021-09-29 19:46:37
173,2021-09-22 04:45:00,2021-09-22 04:50:00,0.489894,965.784,1,import,1,2021-09-29 19:46:37,2021-09-29 19:46:37
174,2021-09-22 04:45:00,2021-09-22 04:50:00,100,3.576,0,unresp_load,1,2021-09-29 19:46:37,2021-09-29 19:46:37
175,2021-09-22 04:50:00,2021-09-22 04:55:00,0.595849,539.462,0,export,1,2021-09-29 19:46:39,2021-09-29 19:46:39
176,2021-09-22 04:50:00,2021-09-22 04:55:00,0.605849,1078.92,1,import,1,2021-09-29 19:46:39,2021-09-29 19:46:39
177,2021-09-22 04:50:00,2021-09-22 04:55:00,100,3.576,0,unresp_load,1,2021-09-29 19:46:39,2021-09-29 19:46:39
178,2021-09-22 04:55:00,2021-09-22 05:00:00,0.310116,509.545,0,export,1,2021-09-29 19:46:41,2021-09-29 19:46:41
179,2021-09-22 04:55:00,2021-09-22 05:00:00,0.320116,1019.09,1,import,1,2021-09-29 19:46:41,2021-09-29 19:46:41
180,2021-09-22 04:55:00,2021-09-22 05:00:00,100,3.576,0,unresp_load,1,2021-09-29 19:46:41,2021-09-29 19:46:41
181,2021-09-22 05:00:00,2021-09-22 05:05:00,0.0542892,479.146,0,export,1,2021-09-29 19:46:43,2021-09-29 19:46:43
182,2021-09-22 05:00:00,2021-09-22 05:05:00,0.0642892,958.291,1,import,1,2021-09-29 19:46:43,2021-09-29 19:46:43
183,2021-09-22 05:00:00,2021-09-22 05:05:00,100,3.576,0,unresp_load,1,2021-09-29 19:46:43,2021-09-29 19:46:43
184,2021-09-22 05:05:00,2021-09-22 05:10:00,0.237283,496.487,0,export,1,2021-09-29 19:46:45,2021-09-29 19:46:45
185,2021-09-22 05:05:00,2021-09-22 05:10:00,0.247283,992.973,1,import,1,2021-09-29 19:46:45,2021-09-29 19:46:45
186,2021-09-22 05:05:00,2021-09-22 05:10:00,100,3.715,0,unresp_load,1,2021-09-29 19:46:45,2021-09-29 19:46:45
187,2021-09-22 05:10:00,2021-09-22 05:15:00,0.386293,475.962,0,export,1,2021-09-29 19:46:47,2021-09-29 19:46:47
188,2021-09-22 05:10:00,2021-09-22 05:15:00,0.396293,951.924,1,import,1,2021-09-29 19:46:47,2021-09-29 19:46:47
189,2021-09-22 05:10:00,2021-09-22 05:15:00,100,3.715,0,unresp_load,1,2021-09-29 19:46:48,2021-09-29 19:46:48
190,2021-09-22 05:15:00,2021-09-22 05:20:00,0.327549,548.59,0,export,1,2021-09-29 19:46:50,2021-09-29 19:46:50
191,2021-09-22 05:15:00,2021-09-22 05:20:00,0.337549,1097.18,1,import,1,2021-09-29 19:46:50,2021-09-29 19:46:50
192,2021-09-22 05:15:00,2021-09-22 05:20:00,100,3.715,0,unresp_load,1,2021-09-29 19:46:50,2021-09-29 19:46:50
193,2021-09-22 05:20:00,2021-09-22 05:25:00,0.395781,455.013,0,export,1,2021-09-29 19:46:52,2021-09-29 19:46:52
194,2021-09-22 05:20:00,2021-09-22 05:25:00,0.405781,910.025,1,import,1,2021-09-29 19:46:52,2021-09-29 19:46:52
195,2021-09-22 05:20:00,2021-09-22 05:25:00,100,3.715,0,unresp_load,1,2021-09-29 19:46:53,2021-09-29 19:46:53
196,2021-09-22 05:25:00,2021-09-22 05:30:00,0.132855,484.594,0,export,1,2021-09-29 19:46:55,2021-09-29 19:46:55
197,2021-09-22 05:25:00,2021-09-22 05:30:00,0.142855,969.189,1,import,1,2021-09-29 19:46:55,2021-09-29 19:46:55
198,2021-09-22 05:25:00,2021-09-22 05:30:00,100,3.715,0,unresp_load,1,2021-09-29 19:46:56,2021-09-29 19:46:56
199,2021-09-22 05:30:00,2021-09-22 05:35:00,0.607845,501.671,0,export,1,2021-09-29 19:46:58,2021-09-29 19:46:58
200,2021-09-22 05:30:00,2021-09-22 05:35:00,0.617845,1003.34,1,import,1,2021-09-29 19:46:58,2021-09-29 19:46:58
201,2021-09-22 05:30:00,2021-09-22 05:35:00,100,3.715,0,unresp_load,1,2021-09-29 19:46:58,2021-09-29 19:46:58
202,2021-09-22 05:35:00,2021-09-22 05:40:00,0.404651,499.03,0,export,1,2021-09-29 19:47:00,2021-09-29 19:47:00
203,2021-09-22 05:35:00,2021-09-22 05:40:00,0.41465,998.061,1,import,1,2021-09-29 19:47:00,2021-09-29 19:47:00
204,2021-09-22 05:35:00,2021-09-22 05:40:00,100,3.715,0,unresp_load,1,2021-09-29 19:47:01,2021-09-29 19:47:01
205,2021-09-22 05:40:00,2021-09-22 05:45:00,0.840719,519.497,0,export,1,2021-09-29 19:47:03,2021-09-29 19:47:03
206,2021-09-22 05:40:00,2021-09-22 05:45:00,0.850719,1038.99,1,import,1,2021-09-29 19:47:03,2021-09-29 19:47:03
207,2021-09-22 05:40:00,2021-09-22 05:45:00,100,3.715,0,unresp_load,1,2021-09-29 19:47:03,2021-09-29 19:47:03
208,2021-09-22 05:45:00,2021-09-22 05:50:00,0.456047,506.875,0,export,1,2021-09-29 19:47:05,2021-09-29 19:47:05
209,2021-09-22 05:45:00,2021-09-22 05:50:00,0.466047,1013.75,1,import,1,2021-09-29 19:47:05,2021-09-29 19:47:05
210,2021-09-22 05:45:00,2021-09-22 05:50:00,100,3.715,0,unresp_load,1,2021-09-29 19:47:05,2021-09-29 19:47:05
211,2021-09-22 05:50:00,2021-09-22 05:55:00,0.081179,509.787,0,export,1,2021-09-29 19:47:07,2021-09-29 19:47:07
212,2021-09-22 05:50:00,2021-09-22 05:55:00,0.091179,1019.57,1,import,1,2021-09-29 19:47:07,2021-09-29 19:47:07
213,2021-09-22 05:50:00,2021-09-22 05:55:00,100,3.715,0,unresp_load,1,2021-09-29 19:47:07,2021-09-29 19:47:07
214,2021-09-22 05:55:00,2021-09-22 06:00:00,0.651769,500.318,0,export,1,2021-09-29 19:47:09,2021-09-29 19:47:09
215,2021-09-22 05:55:00,2021-09-22 06:00:00,0.661769,1000.64,1,import,1,2021-09-29 19:47:09,2021-09-29 19:47:09
216,2021-09-22 05:55:00,2021-09-22 06:00:00,100,3.715,0,unresp_load,1,2021-09-29 19:47:10,2021-09-29 19:47:10
217,2021-09-22 06:00:00,2021-09-22 06:05:00,0.451731,491.531,0,export,1,2021-09-29 19:47:12,2021-09-29 19:47:12
218,2021-09-22 06:00:00,2021-09-22 06:05:00,0.461731,983.062,1,import,1,2021-09-29 19:47:12,2021-09-29 19:47:12
219,2021-09-22 06:00:00,2021-09-22 06:05:00,100,3.715,0,unresp_load,1,2021-09-29 19:47:12,2021-09-29 19:47:12
220,2021-09-22 06:05:00,2021-09-22 06:10:00,0.581446,457.065,0,export,1,2021-09-29 19:47:14,2021-09-29 19:47:14
221,2021-09-22 06:05:00,2021-09-22 06:10:00,0.591446,914.13,1,import,1,2021-09-29 19:47:14,2021-09-29 19:47:14
222,2021-09-22 06:05:00,2021-09-22 06:10:00,100,4.031,0,unresp_load,1,2021-09-29 19:47:14,2021-09-29 19:47:14
223,2021-09-22 06:10:00,2021-09-22 06:15:00,0.657675,499.025,0,export,1,2021-09-29 19:47:16,2021-09-29 19:47:16
224,2021-09-22 06:10:00,2021-09-22 06:15:00,0.667675,998.051,1,import,1,2021-09-29 19:47:16,2021-09-29 19:47:16
225,2021-09-22 06:10:00,2021-09-22 06:15:00,100,4.031,0,unresp_load,1,2021-09-29 19:47:16,2021-09-29 19:47:16
226,2021-09-22 06:15:00,2021-09-22 06:20:00,0.714858,454.47,0,export,1,2021-09-29 19:47:18,2021-09-29 19:47:18
227,2021-09-22 06:15:00,2021-09-22 06:20:00,0.724858,908.941,1,import,1,2021-09-29 19:47:18,2021-09-29 19:47:18
228,2021-09-22 06:15:00,2021-09-22 06:20:00,100,4.031,0,unresp_load,1,2021-09-29 19:47:18,2021-09-29 19:47:18
229,2021-09-22 06:20:00,2021-09-22 06:25:00,0.0328644,506.817,0,export,1,2021-09-29 19:47:20,2021-09-29 19:47:20
230,2021-09-22 06:20:00,2021-09-22 06:25:00,0.0428644,1013.63,1,import,1,2021-09-29 19:47:20,2021-09-29 19:47:20
231,2021-09-22 06:20:00,2021-09-22 06:25:00,100,4.03113,0,unresp_load,1,2021-09-29 19:47:21,2021-09-29 19:47:21
232,2021-09-22 06:25:00,2021-09-22 06:30:00,0.179801,466.773,0,export,1,2021-09-29 19:47:23,2021-09-29 19:47:23
233,2021-09-22 06:25:00,2021-09-22 06:30:00,0.189801,933.547,1,import,1,2021-09-29 19:47:23,2021-09-29 19:47:23
234,2021-09-22 06:25:00,2021-09-22 06:30:00,100,4.03067,0,unresp_load,1,2021-09-29 19:47:23,2021-09-29 19:47:23
235,2021-09-22 06:30:00,2021-09-22 06:35:00,0.757142,526.471,0,export,1,2021-09-29 19:47:25,2021-09-29 19:47:25
236,2021-09-22 06:30:00,2021-09-22 06:35:00,0.767142,1052.94,1,import,1,2021-09-29 19:47:25,2021-09-29 19:47:25
237,2021-09-22 06:30:00,2021-09-22 06:35:00,100,4.02965,0,unresp_load,1,2021-09-29 19:47:25,2021-09-29 19:47:25
238,2021-09-22 06:35:00,2021-09-22 06:40:00,0.072171,548.739,0,export,1,2021-09-29 19:47:27,2021-09-29 19:47:27
239,2021-09-22 06:35:00,2021-09-22 06:40:00,0.082171,1097.48,1,import,1,2021-09-29 19:47:27,2021-09-29 19:47:27
240,2021-09-22 06:35:00,2021-09-22 06:40:00,100,4.0292,0,unresp_load,1,2021-09-29 19:47:27,2021-09-29 19:47:27
241,2021-09-22 06:40:00,2021-09-22 06:45:00,0.0490097,536.377,0,export,1,2021-09-29 19:47:29,2021-09-29 19:47:29
242,2021-09-22 06:40:00,2021-09-22 06:45:00,0.0590097,1072.75,1,import,1,2021-09-29 19:47:29,2021-09-29 19:47:29
243,2021-09-22 06:40:00,2021-09-22 06:45:00,100,4.02843,0,unresp_load,1,2021-09-29 19:47:30,2021-09-29 19:47:30
244,2021-09-22 06:45:00,2021-09-22 06:50:00,0.450783,522.765,0,export,1,2021-09-29 19:47:32,2021-09-29 19:47:32
245,2021-09-22 06:45:00,2021-09-22 06:50:00,0.460783,1045.53,1,import,1,2021-09-29 19:47:32,2021-09-29 19:47:32
246,2021-09-22 06:45:00,2021-09-22 06:50:00,100,4.00946,0,unresp_load,1,2021-09-29 19:47:32,2021-09-29 19:47:32
247,2021-09-22 06:50:00,2021-09-22 06:55:00,0.430299,477.024,0,export,1,2021-09-29 19:47:34,2021-09-29 19:47:34
248,2021-09-22 06:50:00,2021-09-22 06:55:00,0.440299,954.049,1,import,1,2021-09-29 19:47:34,2021-09-29 19:47:34
249,2021-09-22 06:50:00,2021-09-22 06:55:00,100,3.99643,0,unresp_load,1,2021-09-29 19:47:34,2021-09-29 19:47:34
250,2021-09-22 06:55:00,2021-09-22 07:00:00,0.739846,465.272,0,export,1,2021-09-29 19:47:36,2021-09-29 19:47:36
251,2021-09-22 06:55:00,2021-09-22 07:00:00,0.749846,930.544,1,import,1,2021-09-29 19:47:36,2021-09-29 19:47:36
252,2021-09-22 06:55:00,2021-09-22 07:00:00,100,3.98946,0,unresp_load,1,2021-09-29 19:47:37,2021-09-29 19:47:37
253,2021-09-22 07:00:00,2021-09-22 07:05:00,0.164458,482.269,0,export,1,2021-09-29 19:47:39,2021-09-29 19:47:39
254,2021-09-22 07:00:00,2021-09-22 07:05:00,0.174458,964.538,1,import,1,2021-09-29 19:47:39,2021-09-29 19:47:39
255,2021-09-22 07:00:00,2021-09-22 07:05:00,100,3.9864,0,unresp_load,1,2021-09-29 19:47:39,2021-09-29 19:47:39
256,2021-09-22 07:05:00,2021-09-22 07:10:00,0.497422,457.08,0,export,1,2021-09-29 19:47:41,2021-09-29 19:47:41
257,2021-09-22 07:05:00,2021-09-22 07:10:00,0.507422,914.16,1,import,1,2021-09-29 19:47:41,2021-09-29 19:47:41
258,2021-09-22 07:05:00,2021-09-22 07:10:00,100,4.16135,0,unresp_load,1,2021-09-29 19:47:41,2021-09-29 19:47:41
259,2021-09-22 07:10:00,2021-09-22 07:15:00,0.170062,474.643,0,export,1,2021-09-29 19:47:44,2021-09-29 19:47:44
260,2021-09-22 07:10:00,2021-09-22 07:15:00,0.180062,949.286,1,import,1,2021-09-29 19:47:44,2021-09-29 19:47:44
261,2021-09-22 07:10:00,2021-09-22 07:15:00,100,4.15777,0,unresp_load,1,2021-09-29 19:47:44,2021-09-29 19:47:44
262,2021-09-22 07:15:00,2021-09-22 07:20:00,0.596421,495.491,0,export,1,2021-09-29 19:47:46,2021-09-29 19:47:46
263,2021-09-22 07:15:00,2021-09-22 07:20:00,0.606421,990.983,1,import,1,2021-09-29 19:47:46,2021-09-29 19:47:46
264,2021-09-22 07:15:00,2021-09-22 07:20:00,100,4.16655,0,unresp_load,1,2021-09-29 19:47:46,2021-09-29 19:47:46
265,2021-09-22 07:20:00,2021-09-22 07:25:00,0.42943,513.051,0,export,1,2021-09-29 19:47:48,2021-09-29 19:47:48
266,2021-09-22 07:20:00,2021-09-22 07:25:00,0.43943,1026.1,1,import,1,2021-09-29 19:47:48,2021-09-29 19:47:48
267,2021-09-22 07:20:00,2021-09-22 07:25:00,100,4.17512,0,unresp_load,1,2021-09-29 19:47:48,2021-09-29 19:47:48
268,2021-09-22 07:25:00,2021-09-22 07:30:00,0.777652,493.18,0,export,1,2021-09-29 19:47:50,2021-09-29 19:47:50
269,2021-09-22 07:25:00,2021-09-22 07:30:00,0.787652,986.359,1,import,1,2021-09-29 19:47:50,2021-09-29 19:47:50
270,2021-09-22 07:25:00,2021-09-22 07:30:00,100,4.18447,0,unresp_load,1,2021-09-29 19:47:51,2021-09-29 19:47:51
271,2021-09-22 07:30:00,2021-09-22 07:35:00,0.111342,477.578,0,export,1,2021-09-29 19:47:53,2021-09-29 19:47:53
272,2021-09-22 07:30:00,2021-09-22 07:35:00,0.121343,955.156,1,import,1,2021-09-29 19:47:53,2021-09-29 19:47:53
273,2021-09-22 07:30:00,2021-09-22 07:35:00,100,4.19247,0,unresp_load,1,2021-09-29 19:47:53,2021-09-29 19:47:53
274,2021-09-22 07:35:00,2021-09-22 07:40:00,0.669098,464.933,0,export,1,2021-09-29 19:47:55,2021-09-29 19:47:55
275,2021-09-22 07:35:00,2021-09-22 07:40:00,0.679098,929.867,1,import,1,2021-09-29 19:47:55,2021-09-29 19:47:55
276,2021-09-22 07:35:00,2021-09-22 07:40:00,100,4.201,0,unresp_load,1,2021-09-29 19:47:55,2021-09-29 19:47:55
277,2021-09-22 07:40:00,2021-09-22 07:45:00,0.737656,523.544,0,export,1,2021-09-29 19:47:58,2021-09-29 19:47:58
278,2021-09-22 07:40:00,2021-09-22 07:45:00,0.747656,1047.09,1,import,1,2021-09-29 19:47:58,2021-09-29 19:47:58
279,2021-09-22 07:40:00,2021-09-22 07:45:00,100,4.20987,0,unresp_load,1,2021-09-29 19:47:58,2021-09-29 19:47:58
280,2021-09-22 07:45:00,2021-09-22 07:50:00,0.0393842,518.677,0,export,1,2021-09-29 19:48:00,2021-09-29 19:48:00
281,2021-09-22 07:45:00,2021-09-22 07:50:00,0.0493842,1037.35,1,import,1,2021-09-29 19:48:00,2021-09-29 19:48:00
282,2021-09-22 07:45:00,2021-09-22 07:50:00,100,4.21892,0,unresp_load,1,2021-09-29 19:48:01,2021-09-29 19:48:01
283,2021-09-22 07:50:00,2021-09-22 07:55:00,0.478139,469.698,0,export,1,2021-09-29 19:48:03,2021-09-29 19:48:03
284,2021-09-22 07:50:00,2021-09-22 07:55:00,0.488139,939.395,1,import,1,2021-09-29 19:48:03,2021-09-29 19:48:03
285,2021-09-22 07:50:00,2021-09-22 07:55:00,100,4.22695,0,unresp_load,1,2021-09-29 19:48:03,2021-09-29 19:48:03
286,2021-09-22 07:55:00,2021-09-22 08:00:00,0.0499183,463.1,0,export,1,2021-09-29 19:48:05,2021-09-29 19:48:05
287,2021-09-22 07:55:00,2021-09-22 08:00:00,0.0599183,926.201,1,import,1,2021-09-29 19:48:05,2021-09-29 19:48:05
288,2021-09-22 07:55:00,2021-09-22 08:00:00,100,4.23578,0,unresp_load,1,2021-09-29 19:48:05,2021-09-29 19:48:05
289,2021-09-22 08:00:00,2021-09-22 08:05:00,0.909489,533.677,0,export,1,2021-09-29 19:48:08,2021-09-29 19:48:08
290,2021-09-22 08:00:00,2021-09-22 08:05:00,0.919489,1067.35,1,import,1,2021-09-29 19:48:08,2021-09-29 19:48:08
291,2021-09-22 08:00:00,2021-09-22 08:05:00,100,4.24422,0,unresp_load,1,2021-09-29 19:48:08,2021-09-29 19:48:08
292,2021-09-22 08:05:00,2021-09-22 08:10:00,0.464607,522.522,0,export,1,2021-09-29 19:48:10,2021-09-29 19:48:10
293,2021-09-22 08:05:00,2021-09-22 08:10:00,0.474607,1045.04,1,import,1,2021-09-29 19:48:10,2021-09-29 19:48:10
294,2021-09-22 08:05:00,2021-09-22 08:10:00,100,4.33207,0,unresp_load,1,2021-09-29 19:48:10,2021-09-29 19:48:10
295,2021-09-22 08:10:00,2021-09-22 08:15:00,0.0790258,517.265,0,export,1,2021-09-29 19:48:12,2021-09-29 19:48:12
296,2021-09-22 08:10:00,2021-09-22 08:15:00,0.0890259,1034.53,1,import,1,2021-09-29 19:48:12,2021-09-29 19:48:12
297,2021-09-22 08:10:00,2021-09-22 08:15:00,100,4.30749,0,unresp_load,1,2021-09-29 19:48:13,2021-09-29 19:48:13
298,2021-09-22 08:15:00,2021-09-22 08:20:00,0.352089,457.467,0,export,1,2021-09-29 19:48:15,2021-09-29 19:48:15
299,2021-09-22 08:15:00,2021-09-22 08:20:00,0.362089,914.935,1,import,1,2021-09-29 19:48:15,2021-09-29 19:48:15
300,2021-09-22 08:15:00,2021-09-22 08:20:00,100,4.34264,0,unresp_load,1,2021-09-29 19:48:15,2021-09-29 19:48:15
301,2021-09-22 08:20:00,2021-09-22 08:25:00,0.568816,475.536,0,export,1,2021-09-29 19:48:17,2021-09-29 19:48:17
302,2021-09-22 08:20:00,2021-09-22 08:25:00,0.578816,951.072,1,import,1,2021-09-29 19:48:17,2021-09-29 19:48:17
303,2021-09-22 08:20:00,2021-09-22 08:25:00,100,4.34522,0,unresp_load,1,2021-09-29 19:48:17,2021-09-29 19:48:17
304,2021-09-22 08:25:00,2021-09-22 08:30:00,0.69738,478.031,0,export,1,2021-09-29 19:48:19,2021-09-29 19:48:19
305,2021-09-22 08:25:00,2021-09-22 08:30:00,0.70738,956.062,1,import,1,2021-09-29 19:48:19,2021-09-29 19:48:19
306,2021-09-22 08:25:00,2021-09-22 08:30:00,100,4.34606,0,unresp_load,1,2021-09-29 19:48:19,2021-09-29 19:48:19
307,2021-09-22 08:30:00,2021-09-22 08:35:00,0.542641,521.986,0,export,1,2021-09-29 19:48:21,2021-09-29 19:48:21
308,2021-09-22 08:30:00,2021-09-22 08:35:00,0.552641,1043.97,1,import,1,2021-09-29 19:48:21,2021-09-29 19:48:21
309,2021-09-22 08:30:00,2021-09-22 08:35:00,100,4.34837,0,unresp_load,1,2021-09-29 19:48:22,2021-09-29 19:48:22
310,2021-09-22 08:35:00,2021-09-22 08:40:00,0.369878,477.954,0,export,1,2021-09-29 19:48:24,2021-09-29 19:48:24
311,2021-09-22 08:35:00,2021-09-22 08:40:00,0.379878,955.909,1,import,1,2021-09-29 19:48:24,2021-09-29 19:48:24
312,2021-09-22 08:35:00,2021-09-22 08:40:00,100,4.34937,0,unresp_load,1,2021-09-29 19:48:24,2021-09-29 19:48:24
313,2021-09-22 08:40:00,2021-09-22 08:45:00,0.697662,458.732,0,export,1,2021-09-29 19:48:26,2021-09-29 19:48:26
314,2021-09-22 08:40:00,2021-09-22 08:45:00,0.707662,917.464,1,import,1,2021-09-29 19:48:26,2021-09-29 19:48:26
315,2021-09-22 08:40:00,2021-09-22 08:45:00,100,4.35027,0,unresp_load,1,2021-09-29 19:48:27,2021-09-29 19:48:27
316,2021-09-22 08:45:00,2021-09-22 08:50:00,0.0332708,547.567,0,export,1,2021-09-29 19:48:29,2021-09-29 19:48:29
317,2021-09-22 08:45:00,2021-09-22 08:50:00,0.0432708,1095.13,1,import,1,2021-09-29 19:48:29,2021-09-29 19:48:29
318,2021-09-22 08:45:00,2021-09-22 08:50:00,100,4.35127,0,unresp_load,1,2021-09-29 19:48:29,2021-09-29 19:48:29
319,2021-09-22 08:50:00,2021-09-22 08:55:00,0.651464,512.409,0,export,1,2021-09-29 19:48:31,2021-09-29 19:48:31
320,2021-09-22 08:50:00,2021-09-22 08:55:00,0.661464,1024.82,1,import,1,2021-09-29 19:48:31,2021-09-29 19:48:31
321,2021-09-22 08:50:00,2021-09-22 08:55:00,100,4.35256,0,unresp_load,1,2021-09-29 19:48:31,2021-09-29 19:48:31
322,2021-09-22 08:55:00,2021-09-22 09:00:00,0.598108,477.833,0,export,1,2021-09-29 19:48:33,2021-09-29 19:48:33
323,2021-09-22 08:55:00,2021-09-22 09:00:00,0.608108,955.667,1,import,1,2021-09-29 19:48:34,2021-09-29 19:48:34
324,2021-09-22 08:55:00,2021-09-22 09:00:00,100,4.35334,0,unresp_load,1,2021-09-29 19:48:34,2021-09-29 19:48:34
325,2021-09-22 09:00:00,2021-09-22 09:05:00,0.322006,524.523,0,export,1,2021-09-29 19:48:36,2021-09-29 19:48:36
326,2021-09-22 09:00:00,2021-09-22 09:05:00,0.332006,1049.05,1,import,1,2021-09-29 19:48:36,2021-09-29 19:48:36
327,2021-09-22 09:00:00,2021-09-22 09:05:00,100,4.35403,0,unresp_load,1,2021-09-29 19:48:36,2021-09-29 19:48:36
328,2021-09-22 09:05:00,2021-09-22 09:10:00,0.739057,528.409,0,export,1,2021-09-29 19:48:38,2021-09-29 19:48:38
329,2021-09-22 09:05:00,2021-09-22 09:10:00,0.749057,1056.82,1,import,1,2021-09-29 19:48:38,2021-09-29 19:48:38
330,2021-09-22 09:05:00,2021-09-22 09:10:00,100,7.08607,0,unresp_load,1,2021-09-29 19:48:38,2021-09-29 19:48:38
331,2021-09-22 09:10:00,2021-09-22 09:15:00,0.309664,458.879,0,export,1,2021-09-29 19:48:41,2021-09-29 19:48:41
332,2021-09-22 09:10:00,2021-09-22 09:15:00,0.319664,917.759,1,import,1,2021-09-29 19:48:41,2021-09-29 19:48:41
333,2021-09-22 09:10:00,2021-09-22 09:15:00,100,4.33319,0,unresp_load,1,2021-09-29 19:48:41,2021-09-29 19:48:41
334,2021-09-22 09:15:00,2021-09-22 09:20:00,0.493841,492.019,0,export,1,2021-09-29 19:48:43,2021-09-29 19:48:43
335,2021-09-22 09:15:00,2021-09-22 09:20:00,0.503841,984.038,1,import,1,2021-09-29 19:48:43,2021-09-29 19:48:43
336,2021-09-22 09:15:00,2021-09-22 09:20:00,100,4.34442,0,unresp_load,1,2021-09-29 19:48:43,2021-09-29 19:48:43
337,2021-09-22 09:20:00,2021-09-22 09:25:00,0.114301,539.975,0,export,1,2021-09-29 19:48:45,2021-09-29 19:48:45
338,2021-09-22 09:20:00,2021-09-22 09:25:00,0.124301,1079.95,1,import,1,2021-09-29 19:48:45,2021-09-29 19:48:45
339,2021-09-22 09:20:00,2021-09-22 09:25:00,100,9.77587,0,unresp_load,1,2021-09-29 19:48:46,2021-09-29 19:48:46
340,2021-09-22 09:25:00,2021-09-22 09:30:00,0.611013,534.103,0,export,1,2021-09-29 19:48:48,2021-09-29 19:48:48
341,2021-09-22 09:25:00,2021-09-22 09:30:00,0.621013,1068.21,1,import,1,2021-09-29 19:48:48,2021-09-29 19:48:48
342,2021-09-22 09:25:00,2021-09-22 09:30:00,100,7.06354,0,unresp_load,1,2021-09-29 19:48:48,2021-09-29 19:48:48
343,2021-09-22 09:30:00,2021-09-22 09:35:00,0.888216,538.415,0,export,1,2021-09-29 19:48:50,2021-09-29 19:48:50
344,2021-09-22 09:30:00,2021-09-22 09:35:00,0.898216,1076.83,1,import,1,2021-09-29 19:48:50,2021-09-29 19:48:50
345,2021-09-22 09:30:00,2021-09-22 09:35:00,100,4.37558,0,unresp_load,1,2021-09-29 19:48:51,2021-09-29 19:48:51
346,2021-09-22 09:35:00,2021-09-22 09:40:00,0.887538,534.707,0,export,1,2021-09-29 19:48:53,2021-09-29 19:48:53
347,2021-09-22 09:35:00,2021-09-22 09:40:00,0.897538,1069.41,1,import,1,2021-09-29 19:48:53,2021-09-29 19:48:53
348,2021-09-22 09:35:00,2021-09-22 09:40:00,100,7.06066,0,unresp_load,1,2021-09-29 19:48:53,2021-09-29 19:48:53
349,2021-09-22 09:40:00,2021-09-22 09:45:00,0.20332,469.241,0,export,1,2021-09-29 19:48:55,2021-09-29 19:48:55
350,2021-09-22 09:40:00,2021-09-22 09:45:00,0.21332,938.481,1,import,1,2021-09-29 19:48:55,2021-09-29 19:48:55
351,2021-09-22 09:40:00,2021-09-22 09:45:00,100,4.39555,0,unresp_load,1,2021-09-29 19:48:55,2021-09-29 19:48:55
352,2021-09-22 09:45:00,2021-09-22 09:50:00,0.335756,479.37,0,export,1,2021-09-29 19:48:58,2021-09-29 19:48:58
353,2021-09-22 09:45:00,2021-09-22 09:50:00,0.345756,958.739,1,import,1,2021-09-29 19:48:58,2021-09-29 19:48:58
354,2021-09-22 09:45:00,2021-09-22 09:50:00,100,7.06141,0,unresp_load,1,2021-09-29 19:48:58,2021-09-29 19:48:58
355,2021-09-22 09:50:00,2021-09-22 09:55:00,0.922977,485.21,0,export,1,2021-09-29 19:49:00,2021-09-29 19:49:00
356,2021-09-22 09:50:00,2021-09-22 09:55:00,0.932977,970.421,1,import,1,2021-09-29 19:49:00,2021-09-29 19:49:00
357,2021-09-22 09:50:00,2021-09-22 09:55:00,100,7.06178,0,unresp_load,1,2021-09-29 19:49:00,2021-09-29 19:49:00
358,2021-09-22 09:55:00,2021-09-22 10:00:00,0.665138,520.533,0,export,1,2021-09-29 19:49:03,2021-09-29 19:49:03
359,2021-09-22 09:55:00,2021-09-22 10:00:00,0.675138,1041.07,1,import,1,2021-09-29 19:49:03,2021-09-29 19:49:03
360,2021-09-22 09:55:00,2021-09-22 10:00:00,100,9.70016,0,unresp_load,1,2021-09-29 19:49:03,2021-09-29 19:49:03
361,2021-09-22 10:00:00,2021-09-22 10:05:00,0.233462,450.552,0,export,1,2021-09-29 19:49:05,2021-09-29 19:49:05
362,2021-09-22 10:00:00,2021-09-22 10:05:00,0.243462,901.103,1,import,1,2021-09-29 19:49:05,2021-09-29 19:49:05
363,2021-09-22 10:00:00,2021-09-22 10:05:00,100,7.06435,0,unresp_load,1,2021-09-29 19:49:05,2021-09-29 19:49:05
364,2021-09-22 10:05:00,2021-09-22 10:10:00,0.583748,506.128,0,export,1,2021-09-29 19:49:08,2021-09-29 19:49:08
365,2021-09-22 10:05:00,2021-09-22 10:10:00,0.593748,1012.26,1,import,1,2021-09-29 19:49:08,2021-09-29 19:49:08
366,2021-09-22 10:05:00,2021-09-22 10:10:00,100,7.11637,0,unresp_load,1,2021-09-29 19:49:08,2021-09-29 19:49:08
367,2021-09-22 10:10:00,2021-09-22 10:15:00,0.370709,453.073,0,export,1,2021-09-29 19:49:10,2021-09-29 19:49:10
368,2021-09-22 10:10:00,2021-09-22 10:15:00,0.380709,906.145,1,import,1,2021-09-29 19:49:10,2021-09-29 19:49:10
369,2021-09-22 10:10:00,2021-09-22 10:15:00,100,7.12302,0,unresp_load,1,2021-09-29 19:49:10,2021-09-29 19:49:10
370,2021-09-22 10:15:00,2021-09-22 10:20:00,0.626509,539.985,0,export,1,2021-09-29 19:49:12,2021-09-29 19:49:12
371,2021-09-22 10:15:00,2021-09-22 10:20:00,0.636509,1079.97,1,import,1,2021-09-29 19:49:12,2021-09-29 19:49:12
372,2021-09-22 10:15:00,2021-09-22 10:20:00,100,9.73984,0,unresp_load,1,2021-09-29 19:49:13,2021-09-29 19:49:13
373,2021-09-22 10:20:00,2021-09-22 10:25:00,0.872328,468.084,0,export,1,2021-09-29 19:49:15,2021-09-29 19:49:15
374,2021-09-22 10:20:00,2021-09-22 10:25:00,0.882328,936.167,1,import,1,2021-09-29 19:49:15,2021-09-29 19:49:15
375,2021-09-22 10:20:00,2021-09-22 10:25:00,100,9.73165,0,unresp_load,1,2021-09-29 19:49:15,2021-09-29 19:49:15
376,2021-09-22 10:25:00,2021-09-22 10:30:00,0.266349,500.702,0,export,1,2021-09-29 19:49:17,2021-09-29 19:49:17
377,2021-09-22 10:25:00,2021-09-22 10:30:00,0.276349,1001.4,1,import,1,2021-09-29 19:49:17,2021-09-29 19:49:17
378,2021-09-22 10:25:00,2021-09-22 10:30:00,100,7.10483,0,unresp_load,1,2021-09-29 19:49:18,2021-09-29 19:49:18
379,2021-09-22 10:30:00,2021-09-22 10:35:00,0.769696,463.397,0,export,1,2021-09-29 19:49:20,2021-09-29 19:49:20
380,2021-09-22 10:30:00,2021-09-22 10:35:00,0.779696,926.794,1,import,1,2021-09-29 19:49:20,2021-09-29 19:49:20
381,2021-09-22 10:30:00,2021-09-22 10:35:00,100,7.01257,0,unresp_load,1,2021-09-29 19:49:20,2021-09-29 19:49:20
382,2021-09-22 10:35:00,2021-09-22 10:40:00,0.293735,487.4,0,export,1,2021-09-29 19:49:22,2021-09-29 19:49:22
383,2021-09-22 10:35:00,2021-09-22 10:40:00,0.303735,974.799,1,import,1,2021-09-29 19:49:22,2021-09-29 19:49:22
384,2021-09-22 10:35:00,2021-09-22 10:40:00,100,7.09481,0,unresp_load,1,2021-09-29 19:49:23,2021-09-29 19:49:23
385,2021-09-22 10:40:00,2021-09-22 10:45:00,0.274099,519.358,0,export,1,2021-09-29 19:49:25,2021-09-29 19:49:25
386,2021-09-22 10:40:00,2021-09-22 10:45:00,0.284099,1038.72,1,import,1,2021-09-29 19:49:25,2021-09-29 19:49:25
387,2021-09-22 10:40:00,2021-09-22 10:45:00,100,9.70144,0,unresp_load,1,2021-09-29 19:49:25,2021-09-29 19:49:25
388,2021-09-22 10:45:00,2021-09-22 10:50:00,0.286088,479.142,0,export,1,2021-09-29 19:49:27,2021-09-29 19:49:27
389,2021-09-22 10:45:00,2021-09-22 10:50:00,0.296088,958.283,1,import,1,2021-09-29 19:49:27,2021-09-29 19:49:27
390,2021-09-22 10:45:00,2021-09-22 10:50:00,100,7.08392,0,unresp_load,1,2021-09-29 19:49:28,2021-09-29 19:49:28
391,2021-09-22 10:50:00,2021-09-22 10:55:00,0.884457,470.372,0,export,1,2021-09-29 19:49:30,2021-09-29 19:49:30
392,2021-09-22 10:50:00,2021-09-22 10:55:00,0.894457,940.745,1,import,1,2021-09-29 19:49:30,2021-09-29 19:49:30
393,2021-09-22 10:50:00,2021-09-22 10:55:00,100,9.58446,0,unresp_load,1,2021-09-29 19:49:30,2021-09-29 19:49:30
394,2021-09-22 10:55:00,2021-09-22 11:00:00,0.817704,481.285,0,export,1,2021-09-29 19:49:32,2021-09-29 19:49:32
395,2021-09-22 10:55:00,2021-09-22 11:00:00,0.827704,962.571,1,import,1,2021-09-29 19:49:32,2021-09-29 19:49:32
396,2021-09-22 10:55:00,2021-09-22 11:00:00,100,9.681,0,unresp_load,1,2021-09-29 19:49:33,2021-09-29 19:49:33
397,2021-09-22 11:00:00,2021-09-22 11:05:00,0.143576,522.468,0,export,1,2021-09-29 19:49:35,2021-09-29 19:49:35
398,2021-09-22 11:00:00,2021-09-22 11:05:00,0.153576,1044.94,1,import,1,2021-09-29 19:49:35,2021-09-29 19:49:35
399,2021-09-22 11:00:00,2021-09-22 11:05:00,100,4.46542,0,unresp_load,1,2021-09-29 19:49:35,2021-09-29 19:49:35
400,2021-09-22 11:05:00,2021-09-22 11:10:00,0.332291,477.616,0,export,1,2021-09-29 19:49:38,2021-09-29 19:49:38
401,2021-09-22 11:05:00,2021-09-22 11:10:00,0.342291,955.231,1,import,1,2021-09-29 19:49:38,2021-09-29 19:49:38
402,2021-09-22 11:05:00,2021-09-22 11:10:00,100,7.06217,0,unresp_load,1,2021-09-29 19:49:38,2021-09-29 19:49:38
403,2021-09-22 11:10:00,2021-09-22 11:15:00,0.57704,504.959,0,export,1,2021-09-29 19:49:42,2021-09-29 19:49:42
404,2021-09-22 11:10:00,2021-09-22 11:15:00,0.587041,1009.92,1,import,1,2021-09-29 19:49:42,2021-09-29 19:49:42
405,2021-09-22 11:10:00,2021-09-22 11:15:00,100,7.0579,0,unresp_load,1,2021-09-29 19:49:43,2021-09-29 19:49:43
406,2021-09-22 11:15:00,2021-09-22 11:20:00,0.252991,463.411,0,export,1,2021-09-29 19:49:45,2021-09-29 19:49:45
407,2021-09-22 11:15:00,2021-09-22 11:20:00,0.262991,926.823,1,import,1,2021-09-29 19:49:45,2021-09-29 19:49:45
408,2021-09-22 11:15:00,2021-09-22 11:20:00,100,4.45835,0,unresp_load,1,2021-09-29 19:49:45,2021-09-29 19:49:45
409,2021-09-22 11:20:00,2021-09-22 11:25:00,0.275468,461.717,0,export,1,2021-09-29 19:49:48,2021-09-29 19:49:48
410,2021-09-22 11:20:00,2021-09-22 11:25:00,0.285468,923.434,1,import,1,2021-09-29 19:49:48,2021-09-29 19:49:48
411,2021-09-22 11:20:00,2021-09-22 11:25:00,100,9.66136,0,unresp_load,1,2021-09-29 19:49:48,2021-09-29 19:49:48
412,2021-09-22 11:25:00,2021-09-22 11:30:00,0.0673936,538.65,0,export,1,2021-09-29 19:49:50,2021-09-29 19:49:50
413,2021-09-22 11:25:00,2021-09-22 11:30:00,0.0773936,1077.3,1,import,1,2021-09-29 19:49:50,2021-09-29 19:49:50
414,2021-09-22 11:25:00,2021-09-22 11:30:00,100,7.06205,0,unresp_load,1,2021-09-29 19:49:50,2021-09-29 19:49:50
415,2021-09-22 11:30:00,2021-09-22 11:35:00,0.94907,505.365,0,export,1,2021-09-29 19:49:53,2021-09-29 19:49:53
416,2021-09-22 11:30:00,2021-09-22 11:35:00,0.95907,1010.73,1,import,1,2021-09-29 19:49:53,2021-09-29 19:49:53
417,2021-09-22 11:30:00,2021-09-22 11:35:00,100,7.06333,0,unresp_load,1,2021-09-29 19:49:54,2021-09-29 19:49:54
418,2021-09-22 11:35:00,2021-09-22 11:40:00,0.665578,489.496,0,export,1,2021-09-29 19:49:56,2021-09-29 19:49:56
419,2021-09-22 11:35:00,2021-09-22 11:40:00,0.675578,978.992,1,import,1,2021-09-29 19:49:56,2021-09-29 19:49:56
420,2021-09-22 11:35:00,2021-09-22 11:40:00,100,7.06422,0,unresp_load,1,2021-09-29 19:49:56,2021-09-29 19:49:56
421,2021-09-22 11:40:00,2021-09-22 11:45:00,0.189098,496.549,0,export,1,2021-09-29 19:49:59,2021-09-29 19:49:59
422,2021-09-22 11:40:00,2021-09-22 11:45:00,0.199098,993.098,1,import,1,2021-09-29 19:49:59,2021-09-29 19:49:59
423,2021-09-22 11:40:00,2021-09-22 11:45:00,100,7.06368,0,unresp_load,1,2021-09-29 19:49:59,2021-09-29 19:49:59
424,2021-09-22 11:45:00,2021-09-22 11:50:00,0.918521,512.017,0,export,1,2021-09-29 19:50:01,2021-09-29 19:50:01
425,2021-09-22 11:45:00,2021-09-22 11:50:00,0.928521,1024.03,1,import,1,2021-09-29 19:50:01,2021-09-29 19:50:01
426,2021-09-22 11:45:00,2021-09-22 11:50:00,100,7.06391,0,unresp_load,1,2021-09-29 19:50:01,2021-09-29 19:50:01
427,2021-09-22 11:50:00,2021-09-22 11:55:00,0.804372,467.225,0,export,1,2021-09-29 19:50:04,2021-09-29 19:50:04
428,2021-09-22 11:50:00,2021-09-22 11:55:00,0.814372,934.451,1,import,1,2021-09-29 19:50:04,2021-09-29 19:50:04
429,2021-09-22 11:50:00,2021-09-22 11:55:00,100,4.47569,0,unresp_load,1,2021-09-29 19:50:04,2021-09-29 19:50:04
430,2021-09-22 11:55:00,2021-09-22 12:00:00,0.940082,521.702,0,export,1,2021-09-29 19:50:07,2021-09-29 19:50:07
431,2021-09-22 11:55:00,2021-09-22 12:00:00,0.950082,1043.4,1,import,1,2021-09-29 19:50:07,2021-09-29 19:50:07
432,2021-09-22 11:55:00,2021-09-22 12:00:00,100,4.47812,0,unresp_load,1,2021-09-29 19:50:07,2021-09-29 19:50:07
433,2021-09-22 12:00:00,2021-09-22 12:05:00,0.529365,489.93,0,export,1,2021-09-29 19:50:09,2021-09-29 19:50:09
434,2021-09-22 12:00:00,2021-09-22 12:05:00,0.539365,979.859,1,import,1,2021-09-29 19:50:09,2021-09-29 19:50:09
435,2021-09-22 12:00:00,2021-09-22 12:05:00,100,9.64519,0,unresp_load,1,2021-09-29 19:50:10,2021-09-29 19:50:10
436,2021-09-22 12:05:00,2021-09-22 12:10:00,-0.00423052,507.788,0,export,1,2021-09-29 19:50:12,2021-09-29 19:50:12
437,2021-09-22 12:05:00,2021-09-22 12:10:00,0.00576947,1015.58,1,import,1,2021-09-29 19:50:12,2021-09-29 19:50:12
438,2021-09-22 12:05:00,2021-09-22 12:10:00,100,4.5169,0,unresp_load,1,2021-09-29 19:50:12,2021-09-29 19:50:12
439,2021-09-22 12:10:00,2021-09-22 12:15:00,0.713694,521.183,0,export,1,2021-09-29 19:50:14,2021-09-29 19:50:14
440,2021-09-22 12:10:00,2021-09-22 12:15:00,0.723694,1042.37,1,import,1,2021-09-29 19:50:14,2021-09-29 19:50:14
441,2021-09-22 12:10:00,2021-09-22 12:15:00,100,3.08498,0,unresp_load,1,2021-09-29 19:50:15,2021-09-29 19:50:15
442,2021-09-22 12:15:00,2021-09-22 12:20:00,0.696829,515.434,0,export,1,2021-09-29 19:50:17,2021-09-29 19:50:17
443,2021-09-22 12:15:00,2021-09-22 12:20:00,0.706829,1030.87,1,import,1,2021-09-29 19:50:17,2021-09-29 19:50:17
444,2021-09-22 12:15:00,2021-09-22 12:20:00,100,7.08274,0,unresp_load,1,2021-09-29 19:50:18,2021-09-29 19:50:18
445,2021-09-22 12:20:00,2021-09-22 12:25:00,0.695309,462.161,0,export,1,2021-09-29 19:50:20,2021-09-29 19:50:20
446,2021-09-22 12:20:00,2021-09-22 12:25:00,0.705309,924.322,1,import,1,2021-09-29 19:50:20,2021-09-29 19:50:20
447,2021-09-22 12:20:00,2021-09-22 12:25:00,100,4.523,0,unresp_load,1,2021-09-29 19:50:20,2021-09-29 19:50:20
448,2021-09-22 12:25:00,2021-09-22 12:30:00,0.897679,546.787,0,export,1,2021-09-29 19:50:23,2021-09-29 19:50:23
449,2021-09-22 12:25:00,2021-09-22 12:30:00,0.907679,1093.57,1,import,1,2021-09-29 19:50:23,2021-09-29 19:50:23
450,2021-09-22 12:25:00,2021-09-22 12:30:00,100,9.62655,0,unresp_load,1,2021-09-29 19:50:23,2021-09-29 19:50:23
451,2021-09-22 12:30:00,2021-09-22 12:35:00,0.915202,505.828,0,export,1,2021-09-29 19:50:25,2021-09-29 19:50:25
452,2021-09-22 12:30:00,2021-09-22 12:35:00,0.925202,1011.66,1,import,1,2021-09-29 19:50:25,2021-09-29 19:50:25
453,2021-09-22 12:30:00,2021-09-22 12:35:00,100,7.07298,0,unresp_load,1,2021-09-29 19:50:25,2021-09-29 19:50:25
454,2021-09-22 12:35:00,2021-09-22 12:40:00,0.579167,456.165,0,export,1,2021-09-29 19:50:27,2021-09-29 19:50:27
455,2021-09-22 12:35:00,2021-09-22 12:40:00,0.589167,912.331,1,import,1,2021-09-29 19:50:27,2021-09-29 19:50:27
456,2021-09-22 12:35:00,2021-09-22 12:40:00,100,9.61267,0,unresp_load,1,2021-09-29 19:50:28,2021-09-29 19:50:28
457,2021-09-22 12:40:00,2021-09-22 12:45:00,0.115392,520.957,0,export,1,2021-09-29 19:50:30,2021-09-29 19:50:30
458,2021-09-22 12:40:00,2021-09-22 12:45:00,0.125392,1041.91,1,import,1,2021-09-29 19:50:30,2021-09-29 19:50:30
459,2021-09-22 12:40:00,2021-09-22 12:45:00,100,7.06881,0,unresp_load,1,2021-09-29 19:50:30,2021-09-29 19:50:30
460,2021-09-22 12:45:00,2021-09-22 12:50:00,0.736226,455.047,0,export,1,2021-09-29 19:50:33,2021-09-29 19:50:33
461,2021-09-22 12:45:00,2021-09-22 12:50:00,0.746226,910.094,1,import,1,2021-09-29 19:50:33,2021-09-29 19:50:33
462,2021-09-22 12:45:00,2021-09-22 12:50:00,100,9.60249,0,unresp_load,1,2021-09-29 19:50:33,2021-09-29 19:50:33
463,2021-09-22 12:50:00,2021-09-22 12:55:00,0.205582,542.492,0,export,1,2021-09-29 19:50:35,2021-09-29 19:50:35
464,2021-09-22 12:50:00,2021-09-22 12:55:00,0.215582,1084.98,1,import,1,2021-09-29 19:50:35,2021-09-29 19:50:35
465,2021-09-22 12:50:00,2021-09-22 12:55:00,100,4.5336,0,unresp_load,1,2021-09-29 19:50:35,2021-09-29 19:50:35
466,2021-09-22 12:55:00,2021-09-22 13:00:00,0.667165,521.415,0,export,1,2021-09-29 19:50:38,2021-09-29 19:50:38
467,2021-09-22 12:55:00,2021-09-22 13:00:00,0.677165,1042.83,1,import,1,2021-09-29 19:50:38,2021-09-29 19:50:38
468,2021-09-22 12:55:00,2021-09-22 13:00:00,100,9.59617,0,unresp_load,1,2021-09-29 19:50:38,2021-09-29 19:50:38
469,2021-09-22 13:00:00,2021-09-22 13:05:00,0.443118,527.316,0,export,1,2021-09-29 19:50:40,2021-09-29 19:50:40
470,2021-09-22 13:00:00,2021-09-22 13:05:00,0.453118,1054.63,1,import,1,2021-09-29 19:50:40,2021-09-29 19:50:40
471,2021-09-22 13:00:00,2021-09-22 13:05:00,100,7.06521,0,unresp_load,1,2021-09-29 19:50:40,2021-09-29 19:50:40
472,2021-09-22 13:05:00,2021-09-22 13:10:00,0.136563,460.19,0,export,1,2021-09-29 19:50:42,2021-09-29 19:50:42
473,2021-09-22 13:05:00,2021-09-22 13:10:00,0.146563,920.38,1,import,1,2021-09-29 19:50:42,2021-09-29 19:50:42
474,2021-09-22 13:05:00,2021-09-22 13:10:00,100,4.47565,0,unresp_load,1,2021-09-29 19:50:43,2021-09-29 19:50:43
475,2021-09-22 13:10:00,2021-09-22 13:15:00,0.183824,475.916,0,export,1,2021-09-29 19:50:45,2021-09-29 19:50:45
476,2021-09-22 13:10:00,2021-09-22 13:15:00,0.193824,951.833,1,import,1,2021-09-29 19:50:45,2021-09-29 19:50:45
477,2021-09-22 13:10:00,2021-09-22 13:15:00,100,9.54528,0,unresp_load,1,2021-09-29 19:50:45,2021-09-29 19:50:45
478,2021-09-22 13:15:00,2021-09-22 13:20:00,0.801687,504.208,0,export,1,2021-09-29 19:50:48,2021-09-29 19:50:48
479,2021-09-22 13:15:00,2021-09-22 13:20:00,0.811687,1008.42,1,import,1,2021-09-29 19:50:48,2021-09-29 19:50:48
480,2021-09-22 13:15:00,2021-09-22 13:20:00,100,4.4772,0,unresp_load,1,2021-09-29 19:50:48,2021-09-29 19:50:48
481,2021-09-22 13:20:00,2021-09-22 13:25:00,0.441004,472.397,0,export,1,2021-09-29 19:50:50,2021-09-29 19:50:50
482,2021-09-22 13:20:00,2021-09-22 13:25:00,0.451004,944.794,1,import,1,2021-09-29 19:50:50,2021-09-29 19:50:50
483,2021-09-22 13:20:00,2021-09-22 13:25:00,100,9.55897,0,unresp_load,1,2021-09-29 19:50:50,2021-09-29 19:50:50
484,2021-09-22 13:25:00,2021-09-22 13:30:00,0.622424,486.743,0,export,1,2021-09-29 19:50:53,2021-09-29 19:50:53
485,2021-09-22 13:25:00,2021-09-22 13:30:00,0.632424,973.486,1,import,1,2021-09-29 19:50:53,2021-09-29 19:50:53
486,2021-09-22 13:25:00,2021-09-22 13:30:00,100,4.47937,0,unresp_load,1,2021-09-29 19:50:53,2021-09-29 19:50:53
487,2021-09-22 13:30:00,2021-09-22 13:35:00,0.0930781,510.248,0,export,1,2021-09-29 19:50:55,2021-09-29 19:50:55
488,2021-09-22 13:30:00,2021-09-22 13:35:00,0.103078,1020.5,1,import,1,2021-09-29 19:50:55,2021-09-29 19:50:55
489,2021-09-22 13:30:00,2021-09-22 13:35:00,100,7.02472,0,unresp_load,1,2021-09-29 19:50:55,2021-09-29 19:50:55
490,2021-09-22 13:35:00,2021-09-22 13:40:00,0.600852,463.115,0,export,1,2021-09-29 19:50:58,2021-09-29 19:50:58
491,2021-09-22 13:35:00,2021-09-22 13:40:00,0.610852,926.229,1,import,1,2021-09-29 19:50:58,2021-09-29 19:50:58
492,2021-09-22 13:35:00,2021-09-22 13:40:00,100,9.57473,0,unresp_load,1,2021-09-29 19:50:58,2021-09-29 19:50:58
493,2021-09-22 13:40:00,2021-09-22 13:45:00,0.927925,462.98,0,export,1,2021-09-29 19:51:00,2021-09-29 19:51:00
494,2021-09-22 13:40:00,2021-09-22 13:45:00,0.937925,925.96,1,import,1,2021-09-29 19:51:00,2021-09-29 19:51:00
495,2021-09-22 13:40:00,2021-09-22 13:45:00,100,4.48037,0,unresp_load,1,2021-09-29 19:51:01,2021-09-29 19:51:01
496,2021-09-22 13:45:00,2021-09-22 13:50:00,0.0453766,522.936,0,export,1,2021-09-29 19:51:03,2021-09-29 19:51:03
497,2021-09-22 13:45:00,2021-09-22 13:50:00,0.0553766,1045.87,1,import,1,2021-09-29 19:51:03,2021-09-29 19:51:03
498,2021-09-22 13:45:00,2021-09-22 13:50:00,100,7.03203,0,unresp_load,1,2021-09-29 19:51:03,2021-09-29 19:51:03
499,2021-09-22 13:50:00,2021-09-22 13:55:00,0.767763,503.069,0,export,1,2021-09-29 19:51:06,2021-09-29 19:51:06
500,2021-09-22 13:50:00,2021-09-22 13:55:00,0.777763,1006.14,1,import,1,2021-09-29 19:51:06,2021-09-29 19:51:06
501,2021-09-22 13:50:00,2021-09-22 13:55:00,100,12.1403,0,unresp_load,1,2021-09-29 19:51:06,2021-09-29 19:51:06
502,2021-09-22 13:55:00,2021-09-22 14:00:00,0.768044,506.869,0,export,1,2021-09-29 19:51:08,2021-09-29 19:51:08
503,2021-09-22 13:55:00,2021-09-22 14:00:00,0.778044,1013.74,1,import,1,2021-09-29 19:51:08,2021-09-29 19:51:08
504,2021-09-22 13:55:00,2021-09-22 14:00:00,100,7.03618,0,unresp_load,1,2021-09-29 19:51:09,2021-09-29 19:51:09
505,2021-09-22 14:00:00,2021-09-22 14:05:00,0.813006,504.514,0,export,1,2021-09-29 19:51:11,2021-09-29 19:51:11
506,2021-09-22 14:00:00,2021-09-22 14:05:00,0.823006,1009.03,1,import,1,2021-09-29 19:51:11,2021-09-29 19:51:11
507,2021-09-22 14:00:00,2021-09-22 14:05:00,100,9.59293,0,unresp_load,1,2021-09-29 19:51:11,2021-09-29 19:51:11
508,2021-09-22 14:05:00,2021-09-22 14:10:00,0.471208,536.192,0,export,1,2021-09-29 19:51:13,2021-09-29 19:51:13
509,2021-09-22 14:05:00,2021-09-22 14:10:00,0.481208,1072.38,1,import,1,2021-09-29 19:51:13,2021-09-29 19:51:13
510,2021-09-22 14:05:00,2021-09-22 14:10:00,100,4.47453,0,unresp_load,1,2021-09-29 19:51:14,2021-09-29 19:51:14
511,2021-09-22 14:10:00,2021-09-22 14:15:00,0.263692,525.627,0,export,1,2021-09-29 19:51:16,2021-09-29 19:51:16
512,2021-09-22 14:10:00,2021-09-22 14:15:00,0.273692,1051.25,1,import,1,2021-09-29 19:51:16,2021-09-29 19:51:16
513,2021-09-22 14:10:00,2021-09-22 14:15:00,100,4.47514,0,unresp_load,1,2021-09-29 19:51:16,2021-09-29 19:51:16
514,2021-09-22 14:15:00,2021-09-22 14:20:00,0.299191,504.781,0,export,1,2021-09-29 19:51:19,2021-09-29 19:51:19
515,2021-09-22 14:15:00,2021-09-22 14:20:00,0.309191,1009.56,1,import,1,2021-09-29 19:51:19,2021-09-29 19:51:19
516,2021-09-22 14:15:00,2021-09-22 14:20:00,100,7.03921,0,unresp_load,1,2021-09-29 19:51:19,2021-09-29 19:51:19
517,2021-09-22 14:20:00,2021-09-22 14:25:00,0.223869,521.667,0,export,1,2021-09-29 19:51:21,2021-09-29 19:51:21
518,2021-09-22 14:20:00,2021-09-22 14:25:00,0.233869,1043.33,1,import,1,2021-09-29 19:51:21,2021-09-29 19:51:21
519,2021-09-22 14:20:00,2021-09-22 14:25:00,100,4.47553,0,unresp_load,1,2021-09-29 19:51:22,2021-09-29 19:51:22
520,2021-09-22 14:25:00,2021-09-22 14:30:00,0.842313,549.431,0,export,1,2021-09-29 19:51:24,2021-09-29 19:51:24
521,2021-09-22 14:25:00,2021-09-22 14:30:00,0.852313,1098.86,1,import,1,2021-09-29 19:51:24,2021-09-29 19:51:24
522,2021-09-22 14:25:00,2021-09-22 14:30:00,100,12.1773,0,unresp_load,1,2021-09-29 19:51:24,2021-09-29 19:51:24
523,2021-09-22 14:30:00,2021-09-22 14:35:00,0.159241,483.069,0,export,1,2021-09-29 19:51:26,2021-09-29 19:51:26
524,2021-09-22 14:30:00,2021-09-22 14:35:00,0.169241,966.138,1,import,1,2021-09-29 19:51:26,2021-09-29 19:51:26
525,2021-09-22 14:30:00,2021-09-22 14:35:00,100,9.61083,0,unresp_load,1,2021-09-29 19:51:27,2021-09-29 19:51:27
526,2021-09-22 14:35:00,2021-09-22 14:40:00,0.501464,466.384,0,export,1,2021-09-29 19:51:29,2021-09-29 19:51:29
527,2021-09-22 14:35:00,2021-09-22 14:40:00,0.511464,932.767,1,import,1,2021-09-29 19:51:29,2021-09-29 19:51:29
528,2021-09-22 14:35:00,2021-09-22 14:40:00,100,7.04222,0,unresp_load,1,2021-09-29 19:51:29,2021-09-29 19:51:29
529,2021-09-22 14:40:00,2021-09-22 14:45:00,0.11416,456.679,0,export,1,2021-09-29 19:51:32,2021-09-29 19:51:32
530,2021-09-22 14:40:00,2021-09-22 14:45:00,0.12416,913.357,1,import,1,2021-09-29 19:51:32,2021-09-29 19:51:32
531,2021-09-22 14:40:00,2021-09-22 14:45:00,100,7.04162,0,unresp_load,1,2021-09-29 19:51:32,2021-09-29 19:51:32
532,2021-09-22 14:45:00,2021-09-22 14:50:00,0.623379,530.154,0,export,1,2021-09-29 19:51:35,2021-09-29 19:51:35
533,2021-09-22 14:45:00,2021-09-22 14:50:00,0.633379,1060.31,1,import,1,2021-09-29 19:51:35,2021-09-29 19:51:35
534,2021-09-22 14:45:00,2021-09-22 14:50:00,100,7.03944,0,unresp_load,1,2021-09-29 19:51:35,2021-09-29 19:51:35
535,2021-09-22 14:50:00,2021-09-22 14:55:00,0.256177,508.506,0,export,1,2021-09-29 19:51:37,2021-09-29 19:51:37
536,2021-09-22 14:50:00,2021-09-22 14:55:00,0.266177,1017.01,1,import,1,2021-09-29 19:51:37,2021-09-29 19:51:37
537,2021-09-22 14:50:00,2021-09-22 14:55:00,100,7.03713,0,unresp_load,1,2021-09-29 19:51:37,2021-09-29 19:51:37
538,2021-09-22 14:55:00,2021-09-22 15:00:00,0.677383,533.903,0,export,1,2021-09-29 19:51:40,2021-09-29 19:51:40
539,2021-09-22 14:55:00,2021-09-22 15:00:00,0.687383,1067.81,1,import,1,2021-09-29 19:51:40,2021-09-29 19:51:40
540,2021-09-22 14:55:00,2021-09-22 15:00:00,100,7.03381,0,unresp_load,1,2021-09-29 19:51:40,2021-09-29 19:51:40
541,2021-09-22 15:00:00,2021-09-22 15:05:00,0.601649,534.706,0,export,1,2021-09-29 19:51:42,2021-09-29 19:51:42
542,2021-09-22 15:00:00,2021-09-22 15:05:00,0.611649,1069.41,1,import,1,2021-09-29 19:51:42,2021-09-29 19:51:42
543,2021-09-22 15:00:00,2021-09-22 15:05:00,100,7.02978,0,unresp_load,1,2021-09-29 19:51:43,2021-09-29 19:51:43
544,2021-09-22 15:05:00,2021-09-22 15:10:00,0.163289,512.805,0,export,1,2021-09-29 19:51:45,2021-09-29 19:51:45
545,2021-09-22 15:05:00,2021-09-22 15:10:00,0.173289,1025.61,1,import,1,2021-09-29 19:51:45,2021-09-29 19:51:45
546,2021-09-22 15:05:00,2021-09-22 15:10:00,100,7.08063,0,unresp_load,1,2021-09-29 19:51:45,2021-09-29 19:51:45
547,2021-09-22 15:10:00,2021-09-22 15:15:00,0.248619,529.622,0,export,1,2021-09-29 19:51:48,2021-09-29 19:51:48
548,2021-09-22 15:10:00,2021-09-22 15:15:00,0.258619,1059.24,1,import,1,2021-09-29 19:51:48,2021-09-29 19:51:48
549,2021-09-22 15:10:00,2021-09-22 15:15:00,100,7.06782,0,unresp_load,1,2021-09-29 19:51:48,2021-09-29 19:51:48
550,2021-09-22 15:15:00,2021-09-22 15:20:00,0.542846,529.484,0,export,1,2021-09-29 19:51:50,2021-09-29 19:51:50
551,2021-09-22 15:15:00,2021-09-22 15:20:00,0.552846,1058.97,1,import,1,2021-09-29 19:51:50,2021-09-29 19:51:50
552,2021-09-22 15:15:00,2021-09-22 15:20:00,100,7.05808,0,unresp_load,1,2021-09-29 19:51:51,2021-09-29 19:51:51
553,2021-09-22 15:20:00,2021-09-22 15:25:00,0.643809,529.396,0,export,1,2021-09-29 19:51:53,2021-09-29 19:51:53
554,2021-09-22 15:20:00,2021-09-22 15:25:00,0.653809,1058.79,1,import,1,2021-09-29 19:51:53,2021-09-29 19:51:53
555,2021-09-22 15:20:00,2021-09-22 15:25:00,100,4.53301,0,unresp_load,1,2021-09-29 19:51:53,2021-09-29 19:51:53
556,2021-09-22 15:25:00,2021-09-22 15:30:00,0.234644,501.65,0,export,1,2021-09-29 19:51:56,2021-09-29 19:51:56
557,2021-09-22 15:25:00,2021-09-22 15:30:00,0.244644,1003.3,1,import,1,2021-09-29 19:51:56,2021-09-29 19:51:56
558,2021-09-22 15:25:00,2021-09-22 15:30:00,100,4.53209,0,unresp_load,1,2021-09-29 19:51:56,2021-09-29 19:51:56
559,2021-09-22 15:30:00,2021-09-22 15:35:00,0.772955,501.681,0,export,1,2021-09-29 19:51:59,2021-09-29 19:51:59
560,2021-09-22 15:30:00,2021-09-22 15:35:00,0.782955,1003.36,1,import,1,2021-09-29 19:51:59,2021-09-29 19:51:59
561,2021-09-22 15:30:00,2021-09-22 15:35:00,100,7.02697,0,unresp_load,1,2021-09-29 19:52:00,2021-09-29 19:52:00
562,2021-09-22 15:35:00,2021-09-22 15:40:00,0.801022,543.255,0,export,1,2021-09-29 19:52:02,2021-09-29 19:52:02
563,2021-09-22 15:35:00,2021-09-22 15:40:00,0.811022,1086.51,1,import,1,2021-09-29 19:52:02,2021-09-29 19:52:02
564,2021-09-22 15:35:00,2021-09-22 15:40:00,100,4.53095,0,unresp_load,1,2021-09-29 19:52:03,2021-09-29 19:52:03
565,2021-09-22 15:40:00,2021-09-22 15:45:00,0.862367,484.62,0,export,1,2021-09-29 19:52:05,2021-09-29 19:52:05
566,2021-09-22 15:40:00,2021-09-22 15:45:00,0.872367,969.239,1,import,1,2021-09-29 19:52:05,2021-09-29 19:52:05
567,2021-09-22 15:40:00,2021-09-22 15:45:00,100,9.49043,0,unresp_load,1,2021-09-29 19:52:06,2021-09-29 19:52:06
568,2021-09-22 15:45:00,2021-09-22 15:50:00,0.713765,547.999,0,export,1,2021-09-29 19:52:08,2021-09-29 19:52:08
569,2021-09-22 15:45:00,2021-09-22 15:50:00,0.723765,1096,1,import,1,2021-09-29 19:52:08,2021-09-29 19:52:08
570,2021-09-22 15:45:00,2021-09-22 15:50:00,100,4.52987,0,unresp_load,1,2021-09-29 19:52:08,2021-09-29 19:52:08
571,2021-09-22 15:50:00,2021-09-22 15:55:00,0.33208,514.027,0,export,1,2021-09-29 19:52:11,2021-09-29 19:52:11
572,2021-09-22 15:50:00,2021-09-22 15:55:00,0.34208,1028.05,1,import,1,2021-09-29 19:52:11,2021-09-29 19:52:11
573,2021-09-22 15:50:00,2021-09-22 15:55:00,100,6.99547,0,unresp_load,1,2021-09-29 19:52:11,2021-09-29 19:52:11
574,2021-09-22 15:55:00,2021-09-22 16:00:00,0.399369,518.56,0,export,1,2021-09-29 19:52:13,2021-09-29 19:52:13
575,2021-09-22 15:55:00,2021-09-22 16:00:00,0.409369,1037.12,1,import,1,2021-09-29 19:52:13,2021-09-29 19:52:13
576,2021-09-22 15:55:00,2021-09-22 16:00:00,100,6.98874,0,unresp_load,1,2021-09-29 19:52:14,2021-09-29 19:52:14
577,2021-09-22 16:00:00,2021-09-22 16:05:00,0.639589,459.971,0,export,1,2021-09-29 19:52:16,2021-09-29 19:52:16
578,2021-09-22 16:00:00,2021-09-22 16:05:00,0.649589,919.942,1,import,1,2021-09-29 19:52:16,2021-09-29 19:52:16
579,2021-09-22 16:00:00,2021-09-22 16:05:00,100,4.52635,0,unresp_load,1,2021-09-29 19:52:17,2021-09-29 19:52:17
580,2021-09-22 16:05:00,2021-09-22 16:10:00,0.313048,467.015,0,export,1,2021-09-29 19:52:19,2021-09-29 19:52:19
581,2021-09-22 16:05:00,2021-09-22 16:10:00,0.323048,934.031,1,import,1,2021-09-29 19:52:19,2021-09-29 19:52:19
582,2021-09-22 16:05:00,2021-09-22 16:10:00,100,4.73231,0,unresp_load,1,2021-09-29 19:52:20,2021-09-29 19:52:20
583,2021-09-22 16:10:00,2021-09-22 16:15:00,0.288372,530.69,0,export,1,2021-09-29 19:52:22,2021-09-29 19:52:22
584,2021-09-22 16:10:00,2021-09-22 16:15:00,0.298372,1061.38,1,import,1,2021-09-29 19:52:22,2021-09-29 19:52:22
585,2021-09-22 16:10:00,2021-09-22 16:15:00,100,4.73133,0,unresp_load,1,2021-09-29 19:52:23,2021-09-29 19:52:23
586,2021-09-22 16:15:00,2021-09-22 16:20:00,0.052876,519.485,0,export,1,2021-09-29 19:52:26,2021-09-29 19:52:26
587,2021-09-22 16:15:00,2021-09-22 16:20:00,0.062876,1038.97,1,import,1,2021-09-29 19:52:26,2021-09-29 19:52:26
588,2021-09-22 16:15:00,2021-09-22 16:20:00,100,4.7271,0,unresp_load,1,2021-09-29 19:52:26,2021-09-29 19:52:26
589,2021-09-22 16:20:00,2021-09-22 16:25:00,0.493928,458.099,0,export,1,2021-09-29 19:52:28,2021-09-29 19:52:28
590,2021-09-22 16:20:00,2021-09-22 16:25:00,0.503928,916.198,1,import,1,2021-09-29 19:52:28,2021-09-29 19:52:28
591,2021-09-22 16:20:00,2021-09-22 16:25:00,100,4.72395,0,unresp_load,1,2021-09-29 19:52:29,2021-09-29 19:52:29
592,2021-09-22 16:25:00,2021-09-22 16:30:00,0.364891,523.489,0,export,1,2021-09-29 19:52:31,2021-09-29 19:52:31
593,2021-09-22 16:25:00,2021-09-22 16:30:00,0.374891,1046.98,1,import,1,2021-09-29 19:52:31,2021-09-29 19:52:31
594,2021-09-22 16:25:00,2021-09-22 16:30:00,100,4.72152,0,unresp_load,1,2021-09-29 19:52:32,2021-09-29 19:52:32
595,2021-09-22 16:30:00,2021-09-22 16:35:00,0.280943,504.361,0,export,1,2021-09-29 19:52:34,2021-09-29 19:52:34
596,2021-09-22 16:30:00,2021-09-22 16:35:00,0.290943,1008.72,1,import,1,2021-09-29 19:52:34,2021-09-29 19:52:34
597,2021-09-22 16:30:00,2021-09-22 16:35:00,100,4.71824,0,unresp_load,1,2021-09-29 19:52:34,2021-09-29 19:52:34
598,2021-09-22 16:35:00,2021-09-22 16:40:00,0.811404,457.42,0,export,1,2021-09-29 19:52:37,2021-09-29 19:52:37
599,2021-09-22 16:35:00,2021-09-22 16:40:00,0.821404,914.84,1,import,1,2021-09-29 19:52:37,2021-09-29 19:52:37
600,2021-09-22 16:35:00,2021-09-22 16:40:00,100,7.17705,0,unresp_load,1,2021-09-29 19:52:37,2021-09-29 19:52:37
601,2021-09-22 16:40:00,2021-09-22 16:45:00,0.108343,543.58,0,export,1,2021-09-29 19:52:39,2021-09-29 19:52:39
602,2021-09-22 16:40:00,2021-09-22 16:45:00,0.118343,1087.16,1,import,1,2021-09-29 19:52:39,2021-09-29 19:52:39
603,2021-09-22 16:40:00,2021-09-22 16:45:00,100,4.71192,0,unresp_load,1,2021-09-29 19:52:40,2021-09-29 19:52:40
604,2021-09-22 16:45:00,2021-09-22 16:50:00,0.474375,483.553,0,export,1,2021-09-29 19:52:42,2021-09-29 19:52:42
605,2021-09-22 16:45:00,2021-09-22 16:50:00,0.484375,967.106,1,import,1,2021-09-29 19:52:42,2021-09-29 19:52:42
606,2021-09-22 16:45:00,2021-09-22 16:50:00,100,9.62977,0,unresp_load,1,2021-09-29 19:52:43,2021-09-29 19:52:43
607,2021-09-22 16:50:00,2021-09-22 16:55:00,0.455888,532.259,0,export,1,2021-09-29 19:52:45,2021-09-29 19:52:45
608,2021-09-22 16:50:00,2021-09-22 16:55:00,0.465888,1064.52,1,import,1,2021-09-29 19:52:45,2021-09-29 19:52:45
609,2021-09-22 16:50:00,2021-09-22 16:55:00,100,4.70552,0,unresp_load,1,2021-09-29 19:52:46,2021-09-29 19:52:46
610,2021-09-22 16:55:00,2021-09-22 17:00:00,0.858276,493.581,0,export,1,2021-09-29 19:52:48,2021-09-29 19:52:48
611,2021-09-22 16:55:00,2021-09-22 17:00:00,0.868276,987.162,1,import,1,2021-09-29 19:52:48,2021-09-29 19:52:48
612,2021-09-22 16:55:00,2021-09-22 17:00:00,100,4.70309,0,unresp_load,1,2021-09-29 19:52:48,2021-09-29 19:52:48
613,2021-09-22 17:00:00,2021-09-22 17:05:00,0.769695,509.486,0,export,1,2021-09-29 19:52:51,2021-09-29 19:52:51
614,2021-09-22 17:00:00,2021-09-22 17:05:00,0.779695,1018.97,1,import,1,2021-09-29 19:52:51,2021-09-29 19:52:51
615,2021-09-22 17:00:00,2021-09-22 17:05:00,100,4.70034,0,unresp_load,1,2021-09-29 19:52:51,2021-09-29 19:52:51
616,2021-09-22 17:05:00,2021-09-22 17:10:00,0.0754256,488.057,0,export,1,2021-09-29 19:52:53,2021-09-29 19:52:53
617,2021-09-22 17:05:00,2021-09-22 17:10:00,0.0854256,976.114,1,import,1,2021-09-29 19:52:53,2021-09-29 19:52:53
618,2021-09-22 17:05:00,2021-09-22 17:10:00,100,7.4941,0,unresp_load,1,2021-09-29 19:52:54,2021-09-29 19:52:54
619,2021-09-22 17:10:00,2021-09-22 17:15:00,0.0827109,476.692,0,export,1,2021-09-29 19:52:56,2021-09-29 19:52:56
620,2021-09-22 17:10:00,2021-09-22 17:15:00,0.0927109,953.385,1,import,1,2021-09-29 19:52:56,2021-09-29 19:52:56
621,2021-09-22 17:10:00,2021-09-22 17:15:00,100,5.04005,0,unresp_load,1,2021-09-29 19:52:56,2021-09-29 19:52:56
622,2021-09-22 17:15:00,2021-09-22 17:20:00,0.409761,454.491,0,export,1,2021-09-29 19:52:59,2021-09-29 19:52:59
623,2021-09-22 17:15:00,2021-09-22 17:20:00,0.419761,908.982,1,import,1,2021-09-29 19:52:59,2021-09-29 19:52:59
624,2021-09-22 17:15:00,2021-09-22 17:20:00,100,5.04126,0,unresp_load,1,2021-09-29 19:52:59,2021-09-29 19:52:59
625,2021-09-22 17:20:00,2021-09-22 17:25:00,0.58916,478.878,0,export,1,2021-09-29 19:53:02,2021-09-29 19:53:02
626,2021-09-22 17:20:00,2021-09-22 17:25:00,0.59916,957.757,1,import,1,2021-09-29 19:53:02,2021-09-29 19:53:02
627,2021-09-22 17:20:00,2021-09-22 17:25:00,100,5.04196,0,unresp_load,1,2021-09-29 19:53:02,2021-09-29 19:53:02
628,2021-09-22 17:25:00,2021-09-22 17:30:00,0.519752,544.665,0,export,1,2021-09-29 19:53:04,2021-09-29 19:53:04
629,2021-09-22 17:25:00,2021-09-22 17:30:00,0.529752,1089.33,1,import,1,2021-09-29 19:53:04,2021-09-29 19:53:04
630,2021-09-22 17:25:00,2021-09-22 17:30:00,100,5.04361,0,unresp_load,1,2021-09-29 19:53:05,2021-09-29 19:53:05
631,2021-09-22 17:30:00,2021-09-22 17:35:00,0.374297,492.723,0,export,1,2021-09-29 19:53:07,2021-09-29 19:53:07
632,2021-09-22 17:30:00,2021-09-22 17:35:00,0.384297,985.447,1,import,1,2021-09-29 19:53:07,2021-09-29 19:53:07
633,2021-09-22 17:30:00,2021-09-22 17:35:00,100,5.0454,0,unresp_load,1,2021-09-29 19:53:07,2021-09-29 19:53:07
634,2021-09-22 17:35:00,2021-09-22 17:40:00,0.0597156,529.674,0,export,1,2021-09-29 19:53:10,2021-09-29 19:53:10
635,2021-09-22 17:35:00,2021-09-22 17:40:00,0.0697156,1059.35,1,import,1,2021-09-29 19:53:10,2021-09-29 19:53:10
636,2021-09-22 17:35:00,2021-09-22 17:40:00,100,5.07109,0,unresp_load,1,2021-09-29 19:53:10,2021-09-29 19:53:10
637,2021-09-22 17:40:00,2021-09-22 17:45:00,0.589458,506.129,0,export,1,2021-09-29 19:53:12,2021-09-29 19:53:12
638,2021-09-22 17:40:00,2021-09-22 17:45:00,0.599458,1012.26,1,import,1,2021-09-29 19:53:12,2021-09-29 19:53:12
639,2021-09-22 17:40:00,2021-09-22 17:45:00,100,5.09144,0,unresp_load,1,2021-09-29 19:53:13,2021-09-29 19:53:13
640,2021-09-22 17:45:00,2021-09-22 17:50:00,0.702447,545.015,0,export,1,2021-09-29 19:53:15,2021-09-29 19:53:15
641,2021-09-22 17:45:00,2021-09-22 17:50:00,0.712447,1090.03,1,import,1,2021-09-29 19:53:15,2021-09-29 19:53:15
642,2021-09-22 17:45:00,2021-09-22 17:50:00,100,5.1163,0,unresp_load,1,2021-09-29 19:53:16,2021-09-29 19:53:16
643,2021-09-22 17:50:00,2021-09-22 17:55:00,0.419307,480.015,0,export,1,2021-09-29 19:53:18,2021-09-29 19:53:18
644,2021-09-22 17:50:00,2021-09-22 17:55:00,0.429307,960.031,1,import,1,2021-09-29 19:53:18,2021-09-29 19:53:18
645,2021-09-22 17:50:00,2021-09-22 17:55:00,100,5.15658,0,unresp_load,1,2021-09-29 19:53:18,2021-09-29 19:53:18
646,2021-09-22 17:55:00,2021-09-22 18:00:00,0.00864806,486.403,0,export,1,2021-09-29 19:53:21,2021-09-29 19:53:21
647,2021-09-22 17:55:00,2021-09-22 18:00:00,0.0186481,972.807,1,import,1,2021-09-29 19:53:21,2021-09-29 19:53:21
648,2021-09-22 17:55:00,2021-09-22 18:00:00,100,5.21586,0,unresp_load,1,2021-09-29 19:53:21,2021-09-29 19:53:21
649,2021-09-22 18:00:00,2021-09-22 18:05:00,0.43372,458.889,0,export,1,2021-09-29 19:53:23,2021-09-29 19:53:23
650,2021-09-22 18:00:00,2021-09-22 18:05:00,0.44372,917.777,1,import,1,2021-09-29 19:53:23,2021-09-29 19:53:23
651,2021-09-22 18:00:00,2021-09-22 18:05:00,100,4.21813,0,unresp_load,1,2021-09-29 19:53:24,2021-09-29 19:53:24
652,2021-09-22 18:05:00,2021-09-22 18:10:00,0.428945,468.194,0,export,1,2021-09-29 19:53:26,2021-09-29 19:53:26
653,2021-09-22 18:05:00,2021-09-22 18:10:00,0.438945,936.389,1,import,1,2021-09-29 19:53:26,2021-09-29 19:53:26
654,2021-09-22 18:05:00,2021-09-22 18:10:00,100,5.19917,0,unresp_load,1,2021-09-29 19:53:26,2021-09-29 19:53:26
655,2021-09-22 18:10:00,2021-09-22 18:15:00,0.387913,501.876,0,export,1,2021-09-29 19:53:29,2021-09-29 19:53:29
656,2021-09-22 18:10:00,2021-09-22 18:15:00,0.397913,1003.75,1,import,1,2021-09-29 19:53:29,2021-09-29 19:53:29
657,2021-09-22 18:10:00,2021-09-22 18:15:00,100,5.19709,0,unresp_load,1,2021-09-29 19:53:29,2021-09-29 19:53:29
658,2021-09-22 18:15:00,2021-09-22 18:20:00,0.345447,536.966,0,export,1,2021-09-29 19:53:32,2021-09-29 19:53:32
659,2021-09-22 18:15:00,2021-09-22 18:20:00,0.355447,1073.93,1,import,1,2021-09-29 19:53:32,2021-09-29 19:53:32
660,2021-09-22 18:15:00,2021-09-22 18:20:00,100,5.1886,0,unresp_load,1,2021-09-29 19:53:32,2021-09-29 19:53:32
661,2021-09-22 18:20:00,2021-09-22 18:25:00,0.159861,450.598,0,export,1,2021-09-29 19:53:35,2021-09-29 19:53:35
662,2021-09-22 18:20:00,2021-09-22 18:25:00,0.169861,901.195,1,import,1,2021-09-29 19:53:35,2021-09-29 19:53:35
663,2021-09-22 18:20:00,2021-09-22 18:25:00,100,5.17989,0,unresp_load,1,2021-09-29 19:53:35,2021-09-29 19:53:35
664,2021-09-22 18:25:00,2021-09-22 18:30:00,0.925173,546.43,0,export,1,2021-09-29 19:53:38,2021-09-29 19:53:38
665,2021-09-22 18:25:00,2021-09-22 18:30:00,0.935173,1092.86,1,import,1,2021-09-29 19:53:38,2021-09-29 19:53:38
666,2021-09-22 18:25:00,2021-09-22 18:30:00,100,5.17102,0,unresp_load,1,2021-09-29 19:53:38,2021-09-29 19:53:38
667,2021-09-22 18:30:00,2021-09-22 18:35:00,0.880971,524.103,0,export,1,2021-09-29 19:53:41,2021-09-29 19:53:41
668,2021-09-22 18:30:00,2021-09-22 18:35:00,0.890971,1048.21,1,import,1,2021-09-29 19:53:41,2021-09-29 19:53:41
669,2021-09-22 18:30:00,2021-09-22 18:35:00,100,5.16302,0,unresp_load,1,2021-09-29 19:53:41,2021-09-29 19:53:41
670,2021-09-22 18:35:00,2021-09-22 18:40:00,0.0258926,547.921,0,export,1,2021-09-29 19:53:43,2021-09-29 19:53:43
671,2021-09-22 18:35:00,2021-09-22 18:40:00,0.0358926,1095.84,1,import,1,2021-09-29 19:53:43,2021-09-29 19:53:43
672,2021-09-22 18:35:00,2021-09-22 18:40:00,100,5.15393,0,unresp_load,1,2021-09-29 19:53:44,2021-09-29 19:53:44
673,2021-09-22 18:40:00,2021-09-22 18:45:00,0.0889372,534.442,0,export,1,2021-09-29 19:53:46,2021-09-29 19:53:46
674,2021-09-22 18:40:00,2021-09-22 18:45:00,0.0989372,1068.88,1,import,1,2021-09-29 19:53:46,2021-09-29 19:53:46
675,2021-09-22 18:40:00,2021-09-22 18:45:00,100,5.1468,0,unresp_load,1,2021-09-29 19:53:46,2021-09-29 19:53:46
676,2021-09-22 18:45:00,2021-09-22 18:50:00,0.607026,474.453,0,export,1,2021-09-29 19:53:49,2021-09-29 19:53:49
677,2021-09-22 18:45:00,2021-09-22 18:50:00,0.617026,948.905,1,import,1,2021-09-29 19:53:49,2021-09-29 19:53:49
678,2021-09-22 18:45:00,2021-09-22 18:50:00,100,5.13873,0,unresp_load,1,2021-09-29 19:53:49,2021-09-29 19:53:49
679,2021-09-22 18:50:00,2021-09-22 18:55:00,0.201482,492.088,0,export,1,2021-09-29 19:53:52,2021-09-29 19:53:52
680,2021-09-22 18:50:00,2021-09-22 18:55:00,0.211482,984.177,1,import,1,2021-09-29 19:53:52,2021-09-29 19:53:52
681,2021-09-22 18:50:00,2021-09-22 18:55:00,100,5.13066,0,unresp_load,1,2021-09-29 19:53:52,2021-09-29 19:53:52
682,2021-09-22 18:55:00,2021-09-22 19:00:00,0.179528,454.795,0,export,1,2021-09-29 19:53:55,2021-09-29 19:53:55
683,2021-09-22 18:55:00,2021-09-22 19:00:00,0.189528,909.591,1,import,1,2021-09-29 19:53:55,2021-09-29 19:53:55
684,2021-09-22 18:55:00,2021-09-22 19:00:00,100,5.12361,0,unresp_load,1,2021-09-29 19:53:55,2021-09-29 19:53:55
685,2021-09-22 19:00:00,2021-09-22 19:05:00,0.824606,472.544,0,export,1,2021-09-29 19:53:58,2021-09-29 19:53:58
686,2021-09-22 19:00:00,2021-09-22 19:05:00,0.834606,945.088,1,import,1,2021-09-29 19:53:58,2021-09-29 19:53:58
687,2021-09-22 19:00:00,2021-09-22 19:05:00,100,5.11661,0,unresp_load,1,2021-09-29 19:53:58,2021-09-29 19:53:58
688,2021-09-22 19:05:00,2021-09-22 19:10:00,0.44309,542.604,0,export,1,2021-09-29 19:54:00,2021-09-29 19:54:00
689,2021-09-22 19:05:00,2021-09-22 19:10:00,0.45309,1085.21,1,import,1,2021-09-29 19:54:00,2021-09-29 19:54:00
690,2021-09-22 19:05:00,2021-09-22 19:10:00,100,5.06169,0,unresp_load,1,2021-09-29 19:54:01,2021-09-29 19:54:01
691,2021-09-22 19:10:00,2021-09-22 19:15:00,0.80897,536.541,0,export,1,2021-09-29 19:54:03,2021-09-29 19:54:03
692,2021-09-22 19:10:00,2021-09-22 19:15:00,0.81897,1073.08,1,import,1,2021-09-29 19:54:03,2021-09-29 19:54:03
693,2021-09-22 19:10:00,2021-09-22 19:15:00,100,5.05515,0,unresp_load,1,2021-09-29 19:54:04,2021-09-29 19:54:04
694,2021-09-22 19:15:00,2021-09-22 19:20:00,0.831647,505.078,0,export,1,2021-09-29 19:54:06,2021-09-29 19:54:06
695,2021-09-22 19:15:00,2021-09-22 19:20:00,0.841647,1010.16,1,import,1,2021-09-29 19:54:06,2021-09-29 19:54:06
696,2021-09-22 19:15:00,2021-09-22 19:20:00,100,5.05382,0,unresp_load,1,2021-09-29 19:54:06,2021-09-29 19:54:06
697,2021-09-22 19:20:00,2021-09-22 19:25:00,0.927556,537.685,0,export,1,2021-09-29 19:54:09,2021-09-29 19:54:09
698,2021-09-22 19:20:00,2021-09-22 19:25:00,0.937556,1075.37,1,import,1,2021-09-29 19:54:09,2021-09-29 19:54:09
699,2021-09-22 19:20:00,2021-09-22 19:25:00,100,5.05293,0,unresp_load,1,2021-09-29 19:54:09,2021-09-29 19:54:09
700,2021-09-22 19:25:00,2021-09-22 19:30:00,0.425204,450.299,0,export,1,2021-09-29 19:54:12,2021-09-29 19:54:12
701,2021-09-22 19:25:00,2021-09-22 19:30:00,0.435204,900.597,1,import,1,2021-09-29 19:54:12,2021-09-29 19:54:12
702,2021-09-22 19:25:00,2021-09-22 19:30:00,100,5.05248,0,unresp_load,1,2021-09-29 19:54:12,2021-09-29 19:54:12
703,2021-09-22 19:30:00,2021-09-22 19:35:00,0.378572,505.991,0,export,1,2021-09-29 19:54:15,2021-09-29 19:54:15
704,2021-09-22 19:30:00,2021-09-22 19:35:00,0.388572,1011.98,1,import,1,2021-09-29 19:54:15,2021-09-29 19:54:15
705,2021-09-22 19:30:00,2021-09-22 19:35:00,100,5.05145,0,unresp_load,1,2021-09-29 19:54:15,2021-09-29 19:54:15
706,2021-09-22 19:35:00,2021-09-22 19:40:00,0.0290132,518.693,0,export,1,2021-09-29 19:54:17,2021-09-29 19:54:17
707,2021-09-22 19:35:00,2021-09-22 19:40:00,0.0390132,1037.39,1,import,1,2021-09-29 19:54:17,2021-09-29 19:54:17
708,2021-09-22 19:35:00,2021-09-22 19:40:00,100,5.05087,0,unresp_load,1,2021-09-29 19:54:18,2021-09-29 19:54:18
709,2021-09-22 19:40:00,2021-09-22 19:45:00,0.0765791,458.562,0,export,1,2021-09-29 19:54:20,2021-09-29 19:54:20
710,2021-09-22 19:40:00,2021-09-22 19:45:00,0.0865791,917.123,1,import,1,2021-09-29 19:54:20,2021-09-29 19:54:20
711,2021-09-22 19:40:00,2021-09-22 19:45:00,100,5.05072,0,unresp_load,1,2021-09-29 19:54:21,2021-09-29 19:54:21
712,2021-09-22 19:45:00,2021-09-22 19:50:00,0.183201,500.82,0,export,1,2021-09-29 19:54:23,2021-09-29 19:54:23
713,2021-09-22 19:45:00,2021-09-22 19:50:00,0.193201,1001.64,1,import,1,2021-09-29 19:54:23,2021-09-29 19:54:23
714,2021-09-22 19:45:00,2021-09-22 19:50:00,100,5.05,0,unresp_load,1,2021-09-29 19:54:23,2021-09-29 19:54:23
715,2021-09-22 19:50:00,2021-09-22 19:55:00,0.515207,545.021,0,export,1,2021-09-29 19:54:26,2021-09-29 19:54:26
716,2021-09-22 19:50:00,2021-09-22 19:55:00,0.525207,1090.04,1,import,1,2021-09-29 19:54:26,2021-09-29 19:54:26
717,2021-09-22 19:50:00,2021-09-22 19:55:00,100,5.04873,0,unresp_load,1,2021-09-29 19:54:26,2021-09-29 19:54:26
718,2021-09-22 19:55:00,2021-09-22 20:00:00,0.502319,539.182,0,export,1,2021-09-29 19:56:37,2021-09-29 19:56:37
719,2021-09-22 19:55:00,2021-09-22 20:00:00,0.512319,1078.36,1,import,1,2021-09-29 19:56:37,2021-09-29 19:56:37
720,2021-09-22 19:55:00,2021-09-22 20:00:00,100,5.04889,0,unresp_load,1,2021-09-29 19:56:38,2021-09-29 19:56:38
721,2021-09-22 20:00:00,2021-09-22 20:05:00,0.427851,485.549,0,export,1,2021-09-29 19:56:40,2021-09-29 19:56:40
722,2021-09-22 20:00:00,2021-09-22 20:05:00,0.437851,971.098,1,import,1,2021-09-29 19:56:40,2021-09-29 19:56:40
723,2021-09-22 20:00:00,2021-09-22 20:05:00,100,5.04749,0,unresp_load,1,2021-09-29 19:56:41,2021-09-29 19:56:41
724,2021-09-22 20:05:00,2021-09-22 20:10:00,0.643403,536.414,0,export,1,2021-09-29 19:56:43,2021-09-29 19:56:43
725,2021-09-22 20:05:00,2021-09-22 20:10:00,0.653403,1072.83,1,import,1,2021-09-29 19:56:43,2021-09-29 19:56:43
726,2021-09-22 20:05:00,2021-09-22 20:10:00,100,5.23854,0,unresp_load,1,2021-09-29 19:56:44,2021-09-29 19:56:44
727,2021-09-22 20:10:00,2021-09-22 20:15:00,0.169364,484.573,0,export,1,2021-09-29 19:56:46,2021-09-29 19:56:46
728,2021-09-22 20:10:00,2021-09-22 20:15:00,0.179364,969.147,1,import,1,2021-09-29 19:56:46,2021-09-29 19:56:46
729,2021-09-22 20:10:00,2021-09-22 20:15:00,100,5.238,0,unresp_load,1,2021-09-29 19:56:46,2021-09-29 19:56:46
730,2021-09-22 20:15:00,2021-09-22 20:20:00,0.981222,529.303,0,export,1,2021-09-29 19:58:57,2021-09-29 19:58:57
731,2021-09-22 20:15:00,2021-09-22 20:20:00,0.991222,1058.61,1,import,1,2021-09-29 19:58:57,2021-09-29 19:58:57
732,2021-09-22 20:15:00,2021-09-22 20:20:00,100,5.238,0,unresp_load,1,2021-09-29 19:58:58,2021-09-29 19:58:58
733,2021-09-22 20:20:00,2021-09-22 20:25:00,0.857,497.586,0,export,1,2021-09-29 19:59:00,2021-09-29 19:59:00
734,2021-09-22 20:20:00,2021-09-22 20:25:00,0.867,995.173,1,import,1,2021-09-29 19:59:00,2021-09-29 19:59:00
735,2021-09-22 20:20:00,2021-09-22 20:25:00,100,5.238,0,unresp_load,1,2021-09-29 19:59:01,2021-09-29 19:59:01
736,2021-09-22 20:25:00,2021-09-22 20:30:00,0.198931,544.222,0,export,1,2021-09-29 19:59:04,2021-09-29 19:59:04
737,2021-09-22 20:25:00,2021-09-22 20:30:00,0.208931,1088.44,1,import,1,2021-09-29 19:59:04,2021-09-29 19:59:04
738,2021-09-22 20:25:00,2021-09-22 20:30:00,100,5.238,0,unresp_load,1,2021-09-29 19:59:04,2021-09-29 19:59:04
739,2021-09-22 20:30:00,2021-09-22 20:35:00,0.668629,531.887,0,export,1,2021-09-29 19:59:06,2021-09-29 19:59:06
740,2021-09-22 20:30:00,2021-09-22 20:35:00,0.678629,1063.77,1,import,1,2021-09-29 19:59:06,2021-09-29 19:59:06
741,2021-09-22 20:30:00,2021-09-22 20:35:00,100,5.238,0,unresp_load,1,2021-09-29 19:59:07,2021-09-29 19:59:07
742,2021-09-22 20:35:00,2021-09-22 20:40:00,0.292213,548.263,0,export,1,2021-09-29 19:59:09,2021-09-29 19:59:09
743,2021-09-22 20:35:00,2021-09-22 20:40:00,0.302213,1096.53,1,import,1,2021-09-29 19:59:09,2021-09-29 19:59:09
744,2021-09-22 20:35:00,2021-09-22 20:40:00,100,5.238,0,unresp_load,1,2021-09-29 19:59:10,2021-09-29 19:59:10
745,2021-09-22 20:40:00,2021-09-22 20:45:00,-0.00538398,528.112,0,export,1,2021-09-29 19:59:12,2021-09-29 19:59:12
746,2021-09-22 20:40:00,2021-09-22 20:45:00,0.00461602,1056.22,1,import,1,2021-09-29 19:59:12,2021-09-29 19:59:12
747,2021-09-22 20:40:00,2021-09-22 20:45:00,100,5.238,0,unresp_load,1,2021-09-29 19:59:12,2021-09-29 19:59:12
748,2021-09-22 20:45:00,2021-09-22 20:50:00,0.70522,525.119,0,export,1,2021-09-29 19:59:15,2021-09-29 19:59:15
749,2021-09-22 20:45:00,2021-09-22 20:50:00,0.71522,1050.24,1,import,1,2021-09-29 19:59:15,2021-09-29 19:59:15
750,2021-09-22 20:45:00,2021-09-22 20:50:00,100,5.238,0,unresp_load,1,2021-09-29 19:59:15,2021-09-29 19:59:15
751,2021-09-22 20:50:00,2021-09-22 20:55:00,0.820094,530.247,0,export,1,2021-09-29 19:59:18,2021-09-29 19:59:18
752,2021-09-22 20:50:00,2021-09-22 20:55:00,0.830094,1060.49,1,import,1,2021-09-29 19:59:18,2021-09-29 19:59:18
753,2021-09-22 20:50:00,2021-09-22 20:55:00,100,5.238,0,unresp_load,1,2021-09-29 19:59:18,2021-09-29 19:59:18
754,2021-09-22 20:55:00,2021-09-22 21:00:00,0.764276,473.405,0,export,1,2021-09-29 19:59:20,2021-09-29 19:59:20
755,2021-09-22 20:55:00,2021-09-22 21:00:00,0.774276,946.81,1,import,1,2021-09-29 19:59:21,2021-09-29 19:59:21
756,2021-09-22 20:55:00,2021-09-22 21:00:00,100,5.238,0,unresp_load,1,2021-09-29 19:59:21,2021-09-29 19:59:21
757,2021-09-22 21:00:00,2021-09-22 21:05:00,0.279471,494.186,0,export,1,2021-09-29 19:59:23,2021-09-29 19:59:23
758,2021-09-22 21:00:00,2021-09-22 21:05:00,0.289471,988.372,1,import,1,2021-09-29 19:59:23,2021-09-29 19:59:23
759,2021-09-22 21:05:00,2021-09-22 21:10:00,-0.00367724,490.858,0,export,1,2021-09-29 20:01:36,2021-09-29 20:01:36
760,2021-09-22 21:05:00,2021-09-22 21:10:00,0.00632276,981.717,1,import,1,2021-09-29 20:01:36,2021-09-29 20:01:36
761,2021-09-22 21:05:00,2021-09-22 21:10:00,100,-5994.48,0,unresp_load,1,2021-09-29 20:01:37,2021-09-29 20:01:37
762,2021-09-22 21:10:00,2021-09-22 21:15:00,0.460604,499.204,0,export,1,2021-09-29 20:01:39,2021-09-29 20:01:39
763,2021-09-22 21:10:00,2021-09-22 21:15:00,0.470604,998.408,1,import,1,2021-09-29 20:01:39,2021-09-29 20:01:39
764,2021-09-22 21:10:00,2021-09-22 21:15:00,100,5.518,0,unresp_load,1,2021-09-29 20:01:39,2021-09-29 20:01:39
765,2021-09-22 21:15:00,2021-09-22 21:20:00,0.91756,524.558,0,export,1,2021-09-29 20:01:42,2021-09-29 20:01:42
766,2021-09-22 21:15:00,2021-09-22 21:20:00,0.927559,1049.12,1,import,1,2021-09-29 20:01:42,2021-09-29 20:01:42
767,2021-09-22 21:15:00,2021-09-22 21:20:00,100,5.518,0,unresp_load,1,2021-09-29 20:01:42,2021-09-29 20:01:42
768,2021-09-22 21:20:00,2021-09-22 21:25:00,0.805026,547.509,0,export,1,2021-09-29 20:01:45,2021-09-29 20:01:45
769,2021-09-22 21:20:00,2021-09-22 21:25:00,0.815026,1095.02,1,import,1,2021-09-29 20:01:45,2021-09-29 20:01:45
770,2021-09-22 21:20:00,2021-09-22 21:25:00,100,5.518,0,unresp_load,1,2021-09-29 20:01:45,2021-09-29 20:01:45
771,2021-09-22 21:25:00,2021-09-22 21:30:00,0.097739,539.025,0,export,1,2021-09-29 20:01:48,2021-09-29 20:01:48
772,2021-09-22 21:25:00,2021-09-22 21:30:00,0.107739,1078.05,1,import,1,2021-09-29 20:01:48,2021-09-29 20:01:48
773,2021-09-22 21:25:00,2021-09-22 21:30:00,100,5.518,0,unresp_load,1,2021-09-29 20:01:48,2021-09-29 20:01:48
774,2021-09-22 21:30:00,2021-09-22 21:35:00,0.0569697,466.802,0,export,1,2021-09-29 20:03:59,2021-09-29 20:03:59
775,2021-09-22 21:30:00,2021-09-22 21:35:00,0.0669696,933.603,1,import,1,2021-09-29 20:03:59,2021-09-29 20:03:59
776,2021-09-22 21:35:00,2021-09-22 21:40:00,0.641558,472.451,0,export,1,2021-09-29 20:06:10,2021-09-29 20:06:10
777,2021-09-22 21:35:00,2021-09-22 21:40:00,0.651558,944.903,1,import,1,2021-09-29 20:06:10,2021-09-29 20:06:10
778,2021-09-22 21:35:00,2021-09-22 21:40:00,100,-5994.48,0,unresp_load,1,2021-09-29 20:06:11,2021-09-29 20:06:11
779,2021-09-22 21:40:00,2021-09-22 21:45:00,0.400375,450.754,0,export,1,2021-09-29 20:06:13,2021-09-29 20:06:13
780,2021-09-22 21:40:00,2021-09-22 21:45:00,0.410375,901.508,1,import,1,2021-09-29 20:06:13,2021-09-29 20:06:13
781,2021-09-22 21:40:00,2021-09-22 21:45:00,100,5.518,0,unresp_load,1,2021-09-29 20:06:13,2021-09-29 20:06:13
782,2021-09-22 21:45:00,2021-09-22 21:50:00,0.136324,493.279,0,export,1,2021-09-29 20:08:26,2021-09-29 20:08:26
783,2021-09-22 21:45:00,2021-09-22 21:50:00,0.146324,986.557,1,import,1,2021-09-29 20:08:26,2021-09-29 20:08:26
784,2021-09-22 21:45:00,2021-09-22 21:50:00,100,5.518,0,unresp_load,1,2021-09-29 20:08:26,2021-09-29 20:08:26
785,2021-09-22 21:50:00,2021-09-22 21:55:00,0.36169,514.266,0,export,1,2021-09-29 20:08:29,2021-09-29 20:08:29
786,2021-09-22 21:50:00,2021-09-22 21:55:00,0.37169,1028.53,1,import,1,2021-09-29 20:08:29,2021-09-29 20:08:29
787,2021-09-22 21:50:00,2021-09-22 21:55:00,100,5.518,0,unresp_load,1,2021-09-29 20:08:29,2021-09-29 20:08:29
788,2021-09-22 21:55:00,2021-09-22 22:00:00,0.152617,480.072,0,export,1,2021-09-29 20:08:32,2021-09-29 20:08:32
789,2021-09-22 21:55:00,2021-09-22 22:00:00,0.162617,960.145,1,import,1,2021-09-29 20:08:32,2021-09-29 20:08:32
790,2021-09-22 21:55:00,2021-09-22 22:00:00,100,5.518,0,unresp_load,1,2021-09-29 20:08:32,2021-09-29 20:08:32
791,2021-09-22 22:05:00,2021-09-22 22:10:00,0.573971,507.913,0,export,1,2021-09-29 20:12:55,2021-09-29 20:12:55
792,2021-09-22 22:05:00,2021-09-22 22:10:00,0.583971,1015.83,1,import,1,2021-09-29 20:12:55,2021-09-29 20:12:55
793,2021-09-22 22:05:00,2021-09-22 22:10:00,100,-994.807,0,unresp_load,1,2021-09-29 20:12:56,2021-09-29 20:12:56
794,2021-09-22 22:10:00,2021-09-22 22:15:00,0.567992,503.71,0,export,1,2021-09-29 20:12:58,2021-09-29 20:12:58
795,2021-09-22 22:10:00,2021-09-22 22:15:00,0.577992,1007.42,1,import,1,2021-09-29 20:12:58,2021-09-29 20:12:58
796,2021-09-22 22:10:00,2021-09-22 22:15:00,100,5.193,0,unresp_load,1,2021-09-29 20:12:59,2021-09-29 20:12:59
797,2021-09-22 22:15:00,2021-09-22 22:20:00,0.480819,497.696,0,export,1,2021-09-29 20:13:01,2021-09-29 20:13:01
798,2021-09-22 22:15:00,2021-09-22 22:20:00,0.490819,995.391,1,import,1,2021-09-29 20:13:01,2021-09-29 20:13:01
799,2021-09-22 22:15:00,2021-09-22 22:20:00,100,5.193,0,unresp_load,1,2021-09-29 20:13:01,2021-09-29 20:13:01
800,2021-09-22 22:20:00,2021-09-22 22:25:00,0.267925,540.416,0,export,1,2021-09-29 20:13:04,2021-09-29 20:13:04
801,2021-09-22 22:20:00,2021-09-22 22:25:00,0.277925,1080.83,1,import,1,2021-09-29 20:13:04,2021-09-29 20:13:04
802,2021-09-22 22:20:00,2021-09-22 22:25:00,100,5.193,0,unresp_load,1,2021-09-29 20:13:04,2021-09-29 20:13:04
803,2021-09-22 22:25:00,2021-09-22 22:30:00,0.436613,494.092,0,export,1,2021-09-29 20:13:07,2021-09-29 20:13:07
804,2021-09-22 22:25:00,2021-09-22 22:30:00,0.446613,988.184,1,import,1,2021-09-29 20:13:07,2021-09-29 20:13:07
805,2021-09-22 22:25:00,2021-09-22 22:30:00,100,5.193,0,unresp_load,1,2021-09-29 20:13:07,2021-09-29 20:13:07
806,2021-09-22 22:30:00,2021-09-22 22:35:00,0.555478,465.568,0,export,1,2021-09-29 20:13:10,2021-09-29 20:13:10
807,2021-09-22 22:30:00,2021-09-22 22:35:00,0.565478,931.136,1,import,1,2021-09-29 20:13:10,2021-09-29 20:13:10
808,2021-09-22 22:40:00,2021-09-22 22:45:00,0.693487,514.317,0,export,1,2021-09-29 20:17:33,2021-09-29 20:17:33
809,2021-09-22 22:40:00,2021-09-22 22:45:00,0.703487,1028.63,1,import,1,2021-09-29 20:17:33,2021-09-29 20:17:33
810,2021-09-22 22:40:00,2021-09-22 22:45:00,100,-994.807,0,unresp_load,1,2021-09-29 20:17:34,2021-09-29 20:17:34
811,2021-09-22 22:45:00,2021-09-22 22:50:00,0.280149,473.566,0,export,1,2021-09-29 20:17:36,2021-09-29 20:17:36
812,2021-09-22 22:45:00,2021-09-22 22:50:00,0.290149,947.132,1,import,1,2021-09-29 20:17:36,2021-09-29 20:17:36
813,2021-09-22 22:45:00,2021-09-22 22:50:00,100,5.193,0,unresp_load,1,2021-09-29 20:17:37,2021-09-29 20:17:37
814,2021-09-22 22:50:00,2021-09-22 22:55:00,0.470115,543.666,0,export,1,2021-09-29 20:17:39,2021-09-29 20:17:39
815,2021-09-22 22:50:00,2021-09-22 22:55:00,0.480115,1087.33,1,import,1,2021-09-29 20:17:39,2021-09-29 20:17:39
816,2021-09-22 22:50:00,2021-09-22 22:55:00,100,5.193,0,unresp_load,1,2021-09-29 20:17:40,2021-09-29 20:17:40
817,2021-09-22 22:55:00,2021-09-22 23:00:00,0.394011,545.319,0,export,1,2021-09-29 20:19:53,2021-09-29 20:19:53
818,2021-09-22 22:55:00,2021-09-22 23:00:00,0.404011,1090.64,1,import,1,2021-09-29 20:19:53,2021-09-29 20:19:53
819,2021-09-22 22:55:00,2021-09-22 23:00:00,100,-3994.81,0,unresp_load,1,2021-09-29 20:19:53,2021-09-29 20:19:53
820,2021-09-22 23:00:00,2021-09-22 23:05:00,0.22139,502.238,0,export,1,2021-09-29 20:22:04,2021-09-29 20:22:04
821,2021-09-22 23:00:00,2021-09-22 23:05:00,0.23139,1004.48,1,import,1,2021-09-29 20:22:04,2021-09-29 20:22:04
822,2021-09-22 23:00:00,2021-09-22 23:05:00,100,5.193,0,unresp_load,1,2021-09-29 20:22:04,2021-09-29 20:22:04
823,2021-09-22 23:05:00,2021-09-22 23:10:00,0.585694,484.394,0,export,1,2021-09-29 20:22:07,2021-09-29 20:22:07
824,2021-09-22 23:05:00,2021-09-22 23:10:00,0.595694,968.787,1,import,1,2021-09-29 20:22:07,2021-09-29 20:22:07
825,2021-09-22 23:05:00,2021-09-22 23:10:00,100,4.434,0,unresp_load,1,2021-09-29 20:22:07,2021-09-29 20:22:07
826,2021-09-22 23:10:00,2021-09-22 23:15:00,0.0433907,525.916,0,export,1,2021-09-29 20:22:10,2021-09-29 20:22:10
827,2021-09-22 23:10:00,2021-09-22 23:15:00,0.0533907,1051.83,1,import,1,2021-09-29 20:22:10,2021-09-29 20:22:10
828,2021-09-22 23:10:00,2021-09-22 23:15:00,100,4.434,0,unresp_load,1,2021-09-29 20:22:10,2021-09-29 20:22:10
829,2021-09-22 23:15:00,2021-09-22 23:20:00,0.0688651,454.325,0,export,1,2021-09-29 20:24:23,2021-09-29 20:24:23
830,2021-09-22 23:15:00,2021-09-22 23:20:00,0.0788651,908.65,1,import,1,2021-09-29 20:24:24,2021-09-29 20:24:24
831,2021-09-22 23:15:00,2021-09-22 23:20:00,100,4.434,0,unresp_load,1,2021-09-29 20:24:24,2021-09-29 20:24:24
832,2021-09-22 23:20:00,2021-09-22 23:25:00,0.578573,533.18,0,export,1,2021-09-29 20:31:00,2021-09-29 20:31:00
833,2021-09-22 23:20:00,2021-09-22 23:25:00,0.588573,1066.36,1,import,1,2021-09-29 20:31:00,2021-09-29 20:31:00
834,2021-09-22 23:20:00,2021-09-22 23:25:00,100,4.434,0,unresp_load,1,2021-09-29 20:31:00,2021-09-29 20:31:00
835,2021-09-22 23:25:00,2021-09-22 23:30:00,0.029597,489.612,0,export,1,2021-09-29 20:31:03,2021-09-29 20:31:03
836,2021-09-22 23:25:00,2021-09-22 23:30:00,0.039597,979.224,1,import,1,2021-09-29 20:31:03,2021-09-29 20:31:03
837,2021-09-22 23:25:00,2021-09-22 23:30:00,100,4.434,0,unresp_load,1,2021-09-29 20:31:03,2021-09-29 20:31:03
838,2021-09-22 23:30:00,2021-09-22 23:35:00,0.131598,532.077,0,export,1,2021-09-29 20:31:06,2021-09-29 20:31:06
839,2021-09-22 23:30:00,2021-09-22 23:35:00,0.141598,1064.15,1,import,1,2021-09-29 20:31:06,2021-09-29 20:31:06
840,2021-09-22 23:30:00,2021-09-22 23:35:00,100,4.434,0,unresp_load,1,2021-09-29 20:31:06,2021-09-29 20:31:06
841,2021-09-22 23:35:00,2021-09-22 23:40:00,0.247712,520.133,0,export,1,2021-09-29 20:31:09,2021-09-29 20:31:09
842,2021-09-22 23:35:00,2021-09-22 23:40:00,0.257712,1040.27,1,import,1,2021-09-29 20:31:09,2021-09-29 20:31:09
843,2021-09-22 23:35:00,2021-09-22 23:40:00,100,4.434,0,unresp_load,1,2021-09-29 20:31:09,2021-09-29 20:31:09
844,2021-09-22 23:40:00,2021-09-22 23:45:00,0.175216,478.683,0,export,1,2021-09-29 20:33:23,2021-09-29 20:33:23
845,2021-09-22 23:40:00,2021-09-22 23:45:00,0.185216,957.365,1,import,1,2021-09-29 20:33:23,2021-09-29 20:33:23
846,2021-09-22 23:40:00,2021-09-22 23:45:00,100,-5995.57,0,unresp_load,1,2021-09-29 20:33:23,2021-09-29 20:33:23
847,2021-09-22 23:45:00,2021-09-22 23:50:00,0.0842657,509.982,0,export,1,2021-09-29 20:33:26,2021-09-29 20:33:26
848,2021-09-22 23:45:00,2021-09-22 23:50:00,0.0942657,1019.96,1,import,1,2021-09-29 20:33:26,2021-09-29 20:33:26
849,2021-09-22 23:45:00,2021-09-22 23:50:00,100,4.434,0,unresp_load,1,2021-09-29 20:33:26,2021-09-29 20:33:26
850,2021-09-22 23:50:00,2021-09-22 23:55:00,0.391683,527.335,0,export,1,2021-09-29 20:33:29,2021-09-29 20:33:29
851,2021-09-22 23:50:00,2021-09-22 23:55:00,0.401683,1054.67,1,import,1,2021-09-29 20:33:29,2021-09-29 20:33:29
852,2021-09-22 23:50:00,2021-09-22 23:55:00,100,4.434,0,unresp_load,1,2021-09-29 20:33:29,2021-09-29 20:33:29
853,2021-09-22 23:55:00,2021-09-23 00:00:00,0.563003,505.303,0,export,1,2021-09-29 20:35:43,2021-09-29 20:35:43
854,2021-09-22 23:55:00,2021-09-23 00:00:00,0.573003,1010.61,1,import,1,2021-09-29 20:35:43,2021-09-29 20:35:43
855,2021-09-22 23:55:00,2021-09-23 00:00:00,100,4.434,0,unresp_load,1,2021-09-29 20:35:43,2021-09-29 20:35:43
856,2021-09-23 00:00:00,2021-09-23 00:05:00,0.794689,451.725,0,export,1,2021-09-29 20:35:46,2021-09-29 20:35:46
857,2021-09-23 00:00:00,2021-09-23 00:05:00,0.804689,903.45,1,import,1,2021-09-29 20:35:46,2021-09-29 20:35:46
858,2021-09-23 00:00:00,2021-09-23 00:05:00,100,4.434,0,unresp_load,1,2021-09-29 20:35:46,2021-09-29 20:35:46