market_interval_id,market_id,p_exp,p_dev,p_clear,q_clear,alpha,start_time,end_time
1,1,50,1,0.81,0,1,2021-09-22 00:00:00,2021-09-22 00:05:00
2,1,0.81,1,0.09,4.015,1,2021-09-22 00:05:00,2021-09-22 00:10:00
3,1,0.45,0.1296,0.28,3.912,1,2021-09-22 00:10:00,2021-09-22 00:15:00
4,1,0.393333,0.0928222,0.39,3.912,1,2021-09-22 00:15:00,2021-09-22 00:20:00
5,1,0.3925,0.0696187,0.96,3.912,1,2021-09-22 00:20:00,2021-09-22 00:25:00
6,1,0.506,0.107224,0.74,3.912,1,2021-09-22 00:25:00,2021-09-22 00:30:00
7,1,0.545,0.0969583,0.87,3.912,1,2021-09-22 00:30:00,2021-09-22 00:35:00
8,1,0.591429,0.0960408,0.15,3.912,1,2021-09-22 00:35:00,2021-09-22 00:40:00
9,1,0.53625,0.105348,0.88,3.912,1,2021-09-22 00:40:00,2021-09-22 00:45:00
10,1,0.574444,0.105314,0.68,3.912,1,2021-09-22 00:45:00,2021-09-22 00:50:00
11,1,0.585,0.095785,0.35,3.912,1,2021-09-22 00:50:00,2021-09-22 00:55:00
12,1,0.563636,0.0916413,0.38,3.912,1,2021-09-22 00:55:00,2021-09-22 01:00:00
13,1,0.548333,0.0865806,0.01,3.912,1,2021-09-22 01:00:00,2021-09-22 01:05:00
14,1,0.506923,0.100498,0.02,3.715,1,2021-09-22 01:05:00,2021-09-22 01:10:00
15,1,0.472143,0.109045,0.32,3.715,1,2021-09-22 01:10:00,2021-09-22 01:15:00
16,1,0.462,0.103216,0.32,3.715,1,2021-09-22 01:15:00,2021-09-22 01:20:00
17,1,0.453125,0.0979465,0.93,3.715,1,2021-09-22 01:20:00,2021-09-22 01:25:00
18,1,0.481176,0.104775,0.15,3.715,1,2021-09-22 01:25:00,2021-09-22 01:30:00
19,1,0.462778,0.104709,0.19,3.715,1,2021-09-22 01:30:00,2021-09-22 01:35:00
20,1,0.448421,0.102908,0.37,3.715,1,2021-09-22 01:35:00,2021-09-22 01:40:00
21,1,0.4445,0.0980548,0.4,3.715,1,2021-09-22 01:40:00,2021-09-22 01:45:00
22,1,0.442381,0.0934753,0.31,3.715,1,2021-09-22 01:45:00,2021-09-22 01:50:00
23,1,0.436364,0.0899868,0.97,3.715,1,2021-09-22 01:50:00,2021-09-22 01:55:00
24,1,0.459565,0.0979172,0.6,3.715,1,2021-09-22 01:55:00,2021-09-22 02:00:00
25,1,0.465417,0.0946248,0.16,3.715,1,2021-09-22 02:00:00,2021-09-22 02:05:00
26,1,0.4532,0.0944218,0.08,3.602,1,2021-09-22 02:05:00,2021-09-22 02:10:00
27,1,0.438846,0.095941,1,3.602,1,2021-09-22 02:10:00,2021-09-22 02:15:00
28,1,0.45963,0.103618,0.3,3.602,1,2021-09-22 02:15:00,2021-09-22 02:20:00
29,1,0.453929,0.100795,0.74,3.602,1,2021-09-22 02:20:00,2021-09-22 02:25:00
30,1,0.463793,0.100044,0.03,3.602,1,2021-09-22 02:25:00,2021-09-22 02:30:00
31,1,0.449333,0.102773,0.36,3.602,1,2021-09-22 02:30:00,2021-09-22 02:35:00
32,1,0.446452,0.0997068,0.65,3.602,1,2021-09-22 02:35:00,2021-09-22 02:40:00
33,1,0.452812,0.0978452,0.88,3.602,1,2021-09-22 02:40:00,2021-09-22 02:45:00
34,1,0.465758,0.100243,0.33,3.602,1,2021-09-22 02:45:00,2021-09-22 02:50:00
35,1,0.461765,0.0978204,0.18,3.602,1,2021-09-22 02:50:00,2021-09-22 02:55:00
36,1,0.453714,0.0972291,0.63,3.602,1,2021-09-22 02:55:00,2021-09-22 03:00:00
37,1,0.458611,0.0953675,0.61,3.602,1,2021-09-22 03:00:00,2021-09-22 03:05:00
38,1,0.462703,0.0933927,0.54,3.578,1,2021-09-22 03:05:00,2021-09-22 03:10:00
39,1,0.464737,0.0910881,0.39,3.578,1,2021-09-22 03:10:00,2021-09-22 03:15:00
40,1,0.462821,0.088892,0.4,3.578,1,2021-09-22 03:15:00,2021-09-22 03:20:00
41,1,0.46125,0.0867659,0.46,3.578,1,2021-09-22 03:20:00,2021-09-22 03:25:00
42,1,0.46122,0.0846497,0.48,3.578,1,2021-09-22 03:25:00,2021-09-22 03:30:00
43,1,0.461667,0.0826425,0.69,3.578,1,2021-09-22 03:30:00,2021-09-22 03:35:00
44,1,0.466977,0.0819048,0.64,3.578,1,2021-09-22 03:35:00,2021-09-22 03:40:00
45,1,0.470909,0.0807083,0.98,3.578,1,2021-09-22 03:40:00,2021-09-22 03:45:00
46,1,0.482222,0.0845462,0.09,3.578,1,2021-09-22 03:45:00,2021-09-22 03:50:00
47,1,0.473696,0.0859798,0.8,3.578,1,2021-09-22 03:50:00,2021-09-22 03:55:00
48,1,0.480638,0.0863677,0.42,3.578,1,2021-09-22 03:55:00,2021-09-22 04:00:00
49,1,0.479375,0.0846434,0.05,3.578,1,2021-09-22 04:00:00,2021-09-22 04:05:00
50,1,0.470612,0.0866017,0.68,3.576,1,2021-09-22 04:05:00,2021-09-22 04:10:00
51,1,0.4748,0.085729,0.57,3.576,1,2021-09-22 04:10:00,2021-09-22 04:15:00
52,1,0.476667,0.0842222,0.6,3.576,1,2021-09-22 04:15:00,2021-09-22 04:20:00
53,1,0.479038,0.0828895,0.19,3.576,1,2021-09-22 04:20:00,2021-09-22 04:25:00
54,1,0.473585,0.0828721,0.22,3.576,1,2021-09-22 04:25:00,2021-09-22 04:30:00
55,1,0.468889,0.0825062,0.13,3.576,1,2021-09-22 04:30:00,2021-09-22 04:35:00
56,1,0.462727,0.0830562,0.78,3.576,1,2021-09-22 04:35:00,2021-09-22 04:40:00
57,1,0.468393,0.0833385,0.61,3.576,1,2021-09-22 04:40:00,2021-09-22 04:45:00
58,1,0.470877,0.082222,0.49,3.576,1,2021-09-22 04:45:00,2021-09-22 04:50:00
59,1,0.471207,0.0808106,0.61,3.576,1,2021-09-22 04:50:00,2021-09-22 04:55:00
60,1,0.473559,0.0797619,0.32,3.576,1,2021-09-22 04:55:00,2021-09-22 05:00:00
61,1,0.471,0.078819,0.06,3.576,1,2021-09-22 05:00:00,2021-09-22 05:05:00
62,1,0.464262,0.0802507,0.25,3.715,1,2021-09-22 05:05:00,2021-09-22 05:10:00
63,1,0.460806,0.0796848,0.4,3.715,1,2021-09-22 05:10:00,2021-09-22 05:15:00
64,1,0.459841,0.0784778,0.34,3.715,1,2021-09-22 05:15:00,2021-09-22 05:20:00
65,1,0.457969,0.0774724,0.41,3.715,1,2021-09-22 05:20:00,2021-09-22 05:25:00
66,1,0.457231,0.0763154,0.14,3.715,1,2021-09-22 05:25:00,2021-09-22 05:30:00
67,1,0.452424,0.0766608,0.62,3.715,1,2021-09-22 05:30:00,2021-09-22 05:35:00
68,1,0.454925,0.0759295,0.41,3.715,1,2021-09-22 05:35:00,2021-09-22 05:40:00
69,1,0.454265,0.0748421,0.85,3.715,1,2021-09-22 05:40:00,2021-09-22 05:45:00
70,1,0.46,0.0759942,0.47,3.715,1,2021-09-22 05:45:00,2021-09-22 05:50:00
71,1,0.460143,0.07491,0.09,3.715,1,2021-09-22 05:50:00,2021-09-22 05:55:00
72,1,0.45493,0.0757574,0.66,3.715,1,2021-09-22 05:55:00,2021-09-22 06:00:00
73,1,0.457778,0.0752812,0.46,3.715,1,2021-09-22 06:00:00,2021-09-22 06:05:00
74,1,0.457808,0.07425,0.59,4.031,1,2021-09-22 06:05:00,2021-09-22 06:10:00
75,1,0.459595,0.0734796,0.67,4.031,1,2021-09-22 06:10:00,2021-09-22 06:15:00
76,1,0.4624,0.0730822,0.72,4.031,1,2021-09-22 06:15:00,2021-09-22 06:20:00
77,1,0.465789,0.0729823,0.04,4.031,1,2021-09-22 06:20:00,2021-09-22 06:25:00
78,1,0.46026,0.0743584,0.19,4.031,1,2021-09-22 06:25:00,2021-09-22 06:30:00
79,1,0.456795,0.0743295,0.77,4.03,1,2021-09-22 06:30:00,2021-09-22 06:35:00
80,1,0.460759,0.0746146,0.08,4.029,1,2021-09-22 06:35:00,2021-09-22 06:40:00
81,1,0.456,0.0754715,0.06,4.028,1,2021-09-22 06:40:00,2021-09-22 06:45:00
82,1,0.451111,0.0764519,0.46,4.009,1,2021-09-22 06:45:00,2021-09-22 06:50:00
83,1,0.451219,0.0755205,0.44,3.996,1,2021-09-22 06:50:00,2021-09-22 06:55:00
84,1,0.451084,0.0746121,0.75,3.989,1,2021-09-22 06:55:00,2021-09-22 07:00:00
85,1,0.454643,0.0747749,0.17,3.986,1,2021-09-22 07:00:00,2021-09-22 07:05:00
86,1,0.451294,0.0748371,0.51,4.161,1,2021-09-22 07:05:00,2021-09-22 07:10:00
87,1,0.451977,0.0740066,0.18,4.158,1,2021-09-22 07:10:00,2021-09-22 07:15:00
88,1,0.448851,0.0739964,0.61,4.167,1,2021-09-22 07:15:00,2021-09-22 07:20:00
89,1,0.450682,0.0734473,0.44,4.175,1,2021-09-22 07:20:00,2021-09-22 07:25:00
90,1,0.450562,0.0726233,0.79,4.184,1,2021-09-22 07:25:00,2021-09-22 07:30:00
91,1,0.454333,0.0730823,0.12,4.192,1,2021-09-22 07:30:00,2021-09-22 07:35:00
92,1,0.450659,0.0734941,0.68,4.201,1,2021-09-22 07:35:00,2021-09-22 07:40:00
93,1,0.453152,0.0732607,0.75,4.21,1,2021-09-22 07:40:00,2021-09-22 07:45:00
94,1,0.456344,0.0734103,0.05,4.219,1,2021-09-22 07:45:00,2021-09-22 07:50:00
95,1,0.452021,0.0743672,0.49,4.227,1,2021-09-22 07:50:00,2021-09-22 07:55:00
96,1,0.452421,0.0735994,0.06,4.236,1,2021-09-22 07:55:00,2021-09-22 08:00:00
97,1,0.448333,0.0744201,0.92,4.244,1,2021-09-22 08:00:00,2021-09-22 08:05:00
98,1,0.453196,0.0759228,0.47,4.332,1,2021-09-22 08:05:00,2021-09-22 08:10:00
99,1,0.453367,0.0751509,0.09,4.307,1,2021-09-22 08:10:00,2021-09-22 08:15:00
100,1,0.449697,0.075712,0.36,4.343,1,2021-09-22 08:15:00,2021-09-22 08:20:00
101,1,0.4488,0.0750346,0.58,4.345,1,2021-09-22 08:20:00,2021-09-22 08:25:00
102,1,0.450099,0.0744604,0.71,4.346,1,2021-09-22 08:25:00,2021-09-22 08:30:00
103,1,0.452647,0.0743861,0.55,4.348,1,2021-09-22 08:30:00,2021-09-22 08:35:00
104,1,0.453592,0.0737551,0.38,4.349,1,2021-09-22 08:35:00,2021-09-22 08:40:00
105,1,0.452885,0.0730974,0.71,4.35,1,2021-09-22 08:40:00,2021-09-22 08:45:00
106,1,0.455333,0.0730249,0.04,4.351,1,2021-09-22 08:45:00,2021-09-22 08:50:00
107,1,0.451415,0.073948,0.66,4.353,1,2021-09-22 08:50:00,2021-09-22 08:55:00
108,1,0.453364,0.0736597,0.61,4.353,1,2021-09-22 08:55:00,2021-09-22 09:00:00
109,1,0.454815,0.0732027,0.33,4.354,1,2021-09-22 09:00:00,2021-09-22 09:05:00
110,1,0.45367,0.0726728,0.75,7.086,1,2021-09-22 09:05:00,2021-09-22 09:10:00
111,1,0.456364,0.0728031,0.32,4.333,1,2021-09-22 09:10:00,2021-09-22 09:15:00
112,1,0.455135,0.0723133,0.5,4.344,1,2021-09-22 09:15:00,2021-09-22 09:20:00
113,1,0.455536,0.0716854,0.12,9.776,1,2021-09-22 09:20:00,2021-09-22 09:25:00
114,1,0.452566,0.0720385,0.62,7.064,1,2021-09-22 09:25:00,2021-09-22 09:30:00
115,1,0.454035,0.0716504,0.9,4.376,1,2021-09-22 09:30:00,2021-09-22 09:35:00
116,1,0.457913,0.0727417,0.9,7.061,1,2021-09-22 09:35:00,2021-09-22 09:40:00
117,1,0.461724,0.073785,0.21,4.396,1,2021-09-22 09:40:00,2021-09-22 09:45:00
118,1,0.459573,0.0736913,0.35,7.061,1,2021-09-22 09:45:00,2021-09-22 09:50:00
119,1,0.458644,0.0731677,0.93,7.062,1,2021-09-22 09:50:00,2021-09-22 09:55:00
120,1,0.462605,0.0744041,0.68,9.7,1,2021-09-22 09:55:00,2021-09-22 10:00:00
121,1,0.464417,0.0741747,0.24,7.064,1,2021-09-22 10:00:00,2021-09-22 10:05:00
122,1,0.462562,0.0739744,0.59,7.116,1,2021-09-22 10:05:00,2021-09-22 10:10:00
123,1,0.463607,0.0735001,0.38,7.123,1,2021-09-22 10:10:00,2021-09-22 10:15:00
124,1,0.462927,0.0729589,0.64,9.74,1,2021-09-22 10:15:00,2021-09-22 10:20:00
125,1,0.464355,0.0726214,0.88,9.732,1,2021-09-22 10:20:00,2021-09-22 10:25:00
126,1,0.46768,0.0734114,0.28,7.105,1,2021-09-22 10:25:00,2021-09-22 10:30:00
127,1,0.46619,0.0731061,0.78,7.013,1,2021-09-22 10:30:00,2021-09-22 10:35:00
128,1,0.468661,0.0732998,0.3,7.095,1,2021-09-22 10:35:00,2021-09-22 10:40:00
129,1,0.467344,0.0729476,0.28,9.701,1,2021-09-22 10:40:00,2021-09-22 10:45:00
130,1,0.465891,0.0726521,0.3,7.084,1,2021-09-22 10:45:00,2021-09-22 10:50:00
131,1,0.464615,0.0723033,0.89,9.584,1,2021-09-22 10:50:00,2021-09-22 10:55:00
132,1,0.467863,0.0731222,0.83,9.681,1,2021-09-22 10:55:00,2021-09-22 11:00:00
133,1,0.470606,0.0735542,0.15,4.465,1,2021-09-22 11:00:00,2021-09-22 11:05:00
134,1,0.468195,0.0737682,0.34,7.062,1,2021-09-22 11:05:00,2021-09-22 11:10:00
135,1,0.467239,0.0733394,0.59,7.058,1,2021-09-22 11:10:00,2021-09-22 11:15:00
136,1,0.468148,0.0729069,0.26,4.458,1,2021-09-22 11:15:00,2021-09-22 11:20:00
137,1,0.466618,0.0726871,0.29,9.661,1,2021-09-22 11:20:00,2021-09-22 11:25:00
138,1,0.465328,0.0723826,0.08,7.062,1,2021-09-22 11:25:00,2021-09-22 11:30:00
139,1,0.462536,0.0729262,0.96,7.063,1,2021-09-22 11:30:00,2021-09-22 11:35:00
140,1,0.466115,0.0741691,0.68,7.064,1,2021-09-22 11:35:00,2021-09-22 11:40:00
141,1,0.467643,0.0739637,0.2,7.064,1,2021-09-22 11:40:00,2021-09-22 11:45:00
142,1,0.465745,0.0739436,0.93,7.064,1,2021-09-22 11:45:00,2021-09-22 11:50:00
143,1,0.469014,0.07493,0.81,4.476,1,2021-09-22 11:50:00,2021-09-22 11:55:00
144,1,0.471399,0.0752134,0.95,4.478,1,2021-09-22 11:55:00,2021-09-22 12:00:00
145,1,0.474722,0.0762708,0.54,9.645,1,2021-09-22 12:00:00,2021-09-22 12:05:00
146,1,0.475172,0.0757739,0.01,4.517,1,2021-09-22 12:05:00,2021-09-22 12:10:00
147,1,0.471986,0.0767269,0.72,3.085,1,2021-09-22 12:10:00,2021-09-22 12:15:00
148,1,0.473673,0.0766205,0.71,7.083,1,2021-09-22 12:15:00,2021-09-22 12:20:00
149,1,0.47527,0.0764776,0.71,4.523,1,2021-09-22 12:20:00,2021-09-22 12:25:00
150,1,0.476846,0.0763317,0.91,9.627,1,2021-09-22 12:25:00,2021-09-22 12:30:00
151,1,0.479733,0.0770653,0.93,7.073,1,2021-09-22 12:30:00,2021-09-22 12:35:00
152,1,0.482715,0.0778887,0.59,9.613,1,2021-09-22 12:35:00,2021-09-22 12:40:00
153,1,0.483421,0.0774515,0.13,7.069,1,2021-09-22 12:40:00,2021-09-22 12:45:00
154,1,0.481111,0.0777563,0.75,9.602,1,2021-09-22 12:45:00,2021-09-22 12:50:00
155,1,0.482857,0.0777178,0.22,4.534,1,2021-09-22 12:50:00,2021-09-22 12:55:00
156,1,0.481161,0.0776593,0.68,9.596,1,2021-09-22 12:55:00,2021-09-22 13:00:00
157,1,0.482436,0.0774133,0.45,7.065,1,2021-09-22 13:00:00,2021-09-22 13:05:00
158,1,0.482229,0.0769269,0.15,4.476,1,2021-09-22 13:05:00,2021-09-22 13:10:00
159,1,0.480127,0.0771342,0.19,9.545,1,2021-09-22 13:10:00,2021-09-22 13:15:00
160,1,0.478302,0.0771751,0.81,4.477,1,2021-09-22 13:15:00,2021-09-22 13:20:00
161,1,0.480375,0.0773761,0.45,9.559,1,2021-09-22 13:20:00,2021-09-22 13:25:00
162,1,0.480186,0.0769012,0.63,4.479,1,2021-09-22 13:25:00,2021-09-22 13:30:00
163,1,0.481111,0.0765642,0.1,7.025,1,2021-09-22 13:30:00,2021-09-22 13:35:00
164,1,0.478773,0.0769801,0.61,9.575,1,2021-09-22 13:35:00,2021-09-22 13:40:00
165,1,0.479573,0.0766151,0.94,4.48,1,2021-09-22 13:40:00,2021-09-22 13:45:00
166,1,0.482364,0.0774277,0.06,7.032,1,2021-09-22 13:45:00,2021-09-22 13:50:00
167,1,0.479819,0.0780295,0.78,12.14,1,2021-09-22 13:50:00,2021-09-22 13:55:00
168,1,0.481617,0.0780986,0.78,7.036,1,2021-09-22 13:55:00,2021-09-22 14:00:00
169,1,0.483393,0.0781605,0.82,9.593,1,2021-09-22 14:00:00,2021-09-22 14:05:00
170,1,0.485385,0.0783645,0.48,4.475,1,2021-09-22 14:05:00,2021-09-22 14:10:00
171,1,0.485353,0.0779037,0.27,4.475,1,2021-09-22 14:10:00,2021-09-22 14:15:00
172,1,0.484094,0.0777177,0.31,7.039,1,2021-09-22 14:15:00,2021-09-22 14:20:00
173,1,0.483081,0.0774411,0.23,4.476,1,2021-09-22 14:20:00,2021-09-22 14:25:00
174,1,0.481618,0.0773615,0.85,12.177,1,2021-09-22 14:25:00,2021-09-22 14:30:00
175,1,0.483736,0.0776924,0.17,9.611,1,2021-09-22 14:30:00,2021-09-22 14:35:00
176,1,0.481943,0.0778077,0.51,7.042,1,2021-09-22 14:35:00,2021-09-22 14:40:00
177,1,0.482102,0.07737,0.12,7.042,1,2021-09-22 14:40:00,2021-09-22 14:45:00
178,1,0.480056,0.0776695,0.63,7.039,1,2021-09-22 14:45:00,2021-09-22 14:50:00
179,1,0.480899,0.0773587,0.27,7.037,1,2021-09-22 14:50:00,2021-09-22 14:55:00
180,1,0.479721,0.0771737,0.69,7.034,1,2021-09-22 14:55:00,2021-09-22 15:00:00
181,1,0.480889,0.0769892,0.61,7.03,1,2021-09-22 15:00:00,2021-09-22 15:05:00
182,1,0.481602,0.0766554,0.17,7.081,1,2021-09-22 15:05:00,2021-09-22 15:10:00
183,1,0.47989,0.0767648,0.26,7.068,1,2021-09-22 15:10:00,2021-09-22 15:15:00
184,1,0.478689,0.0766081,0.55,7.058,1,2021-09-22 15:15:00,2021-09-22 15:20:00
185,1,0.479076,0.0762193,0.65,4.533,1,2021-09-22 15:20:00,2021-09-22 15:25:00
186,1,0.48,0.0759643,0.24,4.532,1,2021-09-22 15:25:00,2021-09-22 15:30:00
187,1,0.47871,0.0758639,0.78,7.027,1,2021-09-22 15:30:00,2021-09-22 15:35:00
188,1,0.480321,0.0759411,0.81,4.531,1,2021-09-22 15:35:00,2021-09-22 15:40:00
189,1,0.482074,0.0761122,0.87,9.49,1,2021-09-22 15:40:00,2021-09-22 15:45:00
190,1,0.484127,0.0765015,0.72,4.53,1,2021-09-22 15:45:00,2021-09-22 15:50:00
191,1,0.485368,0.0763901,0.34,6.995,1,2021-09-22 15:50:00,2021-09-22 15:55:00
192,1,0.484607,0.0761002,0.41,6.989,1,2021-09-22 15:55:00,2021-09-22 16:00:00
193,1,0.484219,0.0757327,0.65,4.526,1,2021-09-22 16:00:00,2021-09-22 16:05:00
194,1,0.485078,0.075482,0.32,4.732,1,2021-09-22 16:05:00,2021-09-22 16:10:00
195,1,0.484227,0.0752326,0.3,4.731,1,2021-09-22 16:10:00,2021-09-22 16:15:00
196,1,0.483282,0.07502,0.06,4.727,1,2021-09-22 16:15:00,2021-09-22 16:20:00
197,1,0.481122,0.0755467,0.5,4.724,1,2021-09-22 16:20:00,2021-09-22 16:25:00
198,1,0.481218,0.075165,0.37,4.722,1,2021-09-22 16:25:00,2021-09-22 16:30:00
199,1,0.480657,0.0748475,0.29,4.718,1,2021-09-22 16:30:00,2021-09-22 16:35:00
200,1,0.479698,0.0746532,0.82,7.177,1,2021-09-22 16:35:00,2021-09-22 16:40:00
201,1,0.4814,0.074856,0.12,4.712,1,2021-09-22 16:40:00,2021-09-22 16:45:00
202,1,0.479602,0.0751302,0.48,9.63,1,2021-09-22 16:45:00,2021-09-22 16:50:00
203,1,0.479604,0.0747583,0.47,4.706,1,2021-09-22 16:50:00,2021-09-22 16:55:00
204,1,0.479557,0.0743904,0.87,4.703,1,2021-09-22 16:55:00,2021-09-22 17:00:00
205,1,0.481471,0.0747694,0.78,4.7,1,2021-09-22 17:00:00,2021-09-22 17:05:00
206,1,0.482927,0.0748373,0.09,7.494,1,2021-09-22 17:05:00,2021-09-22 17:10:00
207,1,0.481019,0.0752198,0.09,5.04,1,2021-09-22 17:10:00,2021-09-22 17:15:00
208,1,0.47913,0.0755915,0.42,5.041,1,2021-09-22 17:15:00,2021-09-22 17:20:00
209,1,0.478846,0.0752448,0.6,5.042,1,2021-09-22 17:20:00,2021-09-22 17:25:00
210,1,0.479426,0.0749547,0.53,5.044,1,2021-09-22 17:25:00,2021-09-22 17:30:00
211,1,0.479667,0.0746099,0.38,5.045,1,2021-09-22 17:30:00,2021-09-22 17:35:00
212,1,0.479194,0.0743031,0.07,5.071,1,2021-09-22 17:35:00,2021-09-22 17:40:00
213,1,0.477264,0.0747387,0.6,5.091,1,2021-09-22 17:40:00,2021-09-22 17:45:00
214,1,0.47784,0.0744582,0.71,5.116,1,2021-09-22 17:45:00,2021-09-22 17:50:00
215,1,0.478925,0.074361,0.43,5.157,1,2021-09-22 17:50:00,2021-09-22 17:55:00
216,1,0.478698,0.0740262,0.02,5.216,1,2021-09-22 17:55:00,2021-09-22 18:00:00
217,1,0.476574,0.0746531,0.44,4.218,1,2021-09-22 18:00:00,2021-09-22 18:05:00
218,1,0.476406,0.0743152,0.44,5.199,1,2021-09-22 18:05:00,2021-09-22 18:10:00
219,1,0.476239,0.0739803,0.4,5.197,1,2021-09-22 18:10:00,2021-09-22 18:15:00
220,1,0.47589,0.073669,0.36,5.189,1,2021-09-22 18:15:00,2021-09-22 18:20:00
221,1,0.475364,0.0733949,0.17,5.18,1,2021-09-22 18:20:00,2021-09-22 18:25:00
222,1,0.473982,0.0734828,0.94,5.171,1,2021-09-22 18:25:00,2021-09-22 18:30:00
223,1,0.476081,0.0741256,0.89,5.163,1,2021-09-22 18:30:00,2021-09-22 18:35:00
224,1,0.477937,0.0745581,0.04,5.154,1,2021-09-22 18:35:00,2021-09-22 18:40:00
225,1,0.475982,0.0750776,0.1,5.147,1,2021-09-22 18:40:00,2021-09-22 18:45:00
226,1,0.474311,0.0753694,0.62,5.139,1,2021-09-22 18:45:00,2021-09-22 18:50:00
227,1,0.474956,0.0751294,0.21,5.131,1,2021-09-22 18:50:00,2021-09-22 18:55:00
228,1,0.473789,0.0751064,0.19,5.124,1,2021-09-22 18:55:00,2021-09-22 19:00:00
229,1,0.472544,0.0751286,0.83,5.117,1,2021-09-22 19:00:00,2021-09-22 19:05:00
230,1,0.474105,0.0753561,0.45,5.062,1,2021-09-22 19:05:00,2021-09-22 19:10:00
231,1,0.474,0.075031,0.82,5.055,1,2021-09-22 19:10:00,2021-09-22 19:15:00
232,1,0.475498,0.0752222,0.84,5.054,1,2021-09-22 19:15:00,2021-09-22 19:20:00
233,1,0.477069,0.0754681,0.94,5.053,1,2021-09-22 19:20:00,2021-09-22 19:25:00
234,1,0.479056,0.07606,0.44,5.052,1,2021-09-22 19:25:00,2021-09-22 19:30:00
235,1,0.478889,0.0757415,0.39,5.051,1,2021-09-22 19:30:00,2021-09-22 19:35:00
236,1,0.478511,0.0754527,0.04,5.051,1,2021-09-22 19:35:00,2021-09-22 19:40:00
237,1,0.476653,0.0759443,0.09,5.051,1,2021-09-22 19:40:00,2021-09-22 19:45:00
238,1,0.475021,0.076252,0.19,5.05,1,2021-09-22 19:45:00,2021-09-22 19:50:00
239,1,0.473824,0.0762715,0.53,5.049,1,2021-09-22 19:50:00,2021-09-22 19:55:00
240,1,0.474059,0.0759655,0.51,5.049,1,2021-09-22 19:55:00,2021-09-22 20:00:00
241,1,0.474208,0.0756544,0.44,5.047,1,2021-09-22 20:00:00,2021-09-22 20:05:00
242,1,0.474066,0.0753453,0.65,5.239,1,2021-09-22 20:05:00,2021-09-22 20:10:00
243,1,0.474793,0.0751613,0.18,5.238,1,2021-09-22 20:10:00,2021-09-22 20:15:00
244,1,0.47358,0.0752082,0.99,5.238,1,2021-09-22 20:15:00,2021-09-22 20:20:00
245,1,0.475697,0.0759884,0.87,5.238,1,2021-09-22 20:20:00,2021-09-22 20:25:00
246,1,0.477306,0.0763103,0.21,5.238,1,2021-09-22 20:25:00,2021-09-22 20:30:00
247,1,0.47622,0.0762894,0.68,5.238,1,2021-09-22 20:30:00,2021-09-22 20:35:00
248,1,0.477045,0.0761479,0.3,5.238,1,2021-09-22 20:35:00,2021-09-22 20:40:00
249,1,0.476331,0.0759668,0,5.238,1,2021-09-22 20:40:00,2021-09-22 20:45:00
250,1,0.474418,0.0765692,0.72,5.238,1,2021-09-22 20:45:00,2021-09-22 20:50:00
251,1,0.4754,0.0765032,0.83,5.238,1,2021-09-22 20:50:00,2021-09-22 20:55:00
252,1,0.476813,0.0766974,0.77,5.238,1,2021-09-22 20:55:00,2021-09-22 21:00:00
253,1,0.477976,0.0767328,0.01,-5994.48,1,2021-09-22 21:05:00,2021-09-22 21:10:00
254,1,0.476126,0.0772917,0.47,5.518,1,2021-09-22 21:10:00,2021-09-22 21:15:00
255,1,0.476102,0.0769876,0.93,5.518,1,2021-09-22 21:15:00,2021-09-22 21:20:00
256,1,0.477882,0.0774904,0.82,5.518,1,2021-09-22 21:20:00,2021-09-22 21:25:00
257,1,0.479219,0.0776431,0.11,5.518,1,2021-09-22 21:25:00,2021-09-22 21:30:00
258,1,0.477782,0.0778694,0.65,-5994.48,1,2021-09-22 21:35:00,2021-09-22 21:40:00
259,1,0.47845,0.0776821,0.41,5.518,1,2021-09-22 21:40:00,2021-09-22 21:45:00
260,1,0.478185,0.0774002,0.15,5.518,1,2021-09-22 21:45:00,2021-09-22 21:50:00
261,1,0.476923,0.0775151,0.37,5.518,1,2021-09-22 21:50:00,2021-09-22 21:55:00
262,1,0.476513,0.0772618,0.58,-994.807,1,2021-09-22 22:05:00,2021-09-22 22:10:00
263,1,0.476908,0.0770076,0.58,5.193,1,2021-09-22 22:10:00,2021-09-22 22:15:00
264,1,0.4773,0.0767551,0.49,5.193,1,2021-09-22 22:15:00,2021-09-22 22:20:00
265,1,0.477348,0.0764649,0.28,5.193,1,2021-09-22 22:20:00,2021-09-22 22:25:00
266,1,0.476604,0.0763228,0.45,5.193,1,2021-09-22 22:25:00,2021-09-22 22:30:00
267,1,0.476504,0.0760385,0.7,-994.807,1,2021-09-22 22:40:00,2021-09-22 22:45:00
268,1,0.477341,0.0759401,0.29,5.193,1,2021-09-22 22:45:00,2021-09-22 22:50:00
269,1,0.476642,0.0757872,0.4,-3994.81,1,2021-09-22 22:55:00,2021-09-22 23:00:00
270,1,0.476357,0.0755273,0.23,5.193,1,2021-09-22 23:00:00,2021-09-22 23:05:00
271,1,0.475444,0.0754715,0.6,4.434,1,2021-09-22 23:05:00,2021-09-22 23:10:00
272,1,0.475904,0.07525,0.05,4.434,1,2021-09-22 23:10:00,2021-09-22 23:15:00
273,1,0.474338,0.0756378,0.08,4.434,1,2021-09-22 23:15:00,2021-09-22 23:20:00
274,1,0.472894,0.0759283,0.59,4.434,1,2021-09-22 23:20:00,2021-09-22 23:25:00
275,1,0.473321,0.075701,0.04,4.434,1,2021-09-22 23:25:00,2021-09-22 23:30:00
276,1,0.471745,0.076106,0.14,4.434,1,2021-09-22 23:30:00,2021-09-22 23:35:00
277,1,0.470543,0.0762276,0.19,-5995.57,1,2021-09-22 23:40:00,2021-09-22 23:45:00
278,1,0.469531,0.0762355,0.09,4.434,1,2021-09-22 23:45:00,2021-09-22 23:50:00
279,1,0.468165,0.0764776,0.4,4.434,1,2021-09-22 23:50:00,2021-09-22 23:55:00
280,1,0.467921,0.0762201,0.57,4.434,1,2021-09-22 23:55:00,2021-09-23 00:00:00
281,1,0.468286,0.0759849,0.8,4.434,1,2021-09-23 00:00:00,2021-09-23 00:05:00