clock,deviation
1602868705,0.00328
1602868706,0.000578
1602868707,0.000751
1602868708,0.001753
1602868709,0.001652
1602868710,0.004163
1602868711,-0.021257
1602868711,0.001815
1602868712,0.003751
1602868713,0.001692
1602868714,0.002112
1602868715,0.000712
1602868716,0.005941
1602868717,0.005414
1602868718,0.005773
1602868719,0.00141
1602868720,0.004669
1602868721,0.000528
1602868722,0.001469
1602868723,0.002212
1602868724,0.001972
1602868725,0.004424
1602868726,0.006414
1602868727,0.003161
1602868728,0.000873
1602868729,0.004643
1602868730,0.003794
1602868731,0.005506
1602868732,0.000856
1602868733,0.001082
1602868734,0.001246
1602868735,0.005053
1602868736,0.005193
1602868737,0.005802
1602868738,0.001114
1602868739,0.000383
1602868740,0.003567
1602868741,-0.017397
1602868741,0.005037
1602868742,0.000556
1602868743,0.00068
1602868744,0.000768
1602868745,0.002102
1602868746,0.005485
1602868747,0.00302
1602868748,0.000367
1602868749,0.001052
1602868750,0.002365
1602868751,0.005302
1602868752,0.001372
1602868753,0.003702
1602868754,0.001736
1602868755,0.000384
1602868756,0.005244
1602868757,0.000608
1602868758,0.004967
1602868759,0.001151
1602868760,0.005059
1602868761,0.001138
1602868762,0.003657
1602868763,0.000427
1602868764,0.003352
1602868765,0.002386
1602868766,0.002126
1602868767,0.001024
1602868768,0.001564
1602868769,0.003613
1602868770,0.003061
1602868771,-0.020531
1602868771,0.000701
1602868772,0.00063
1602868773,0.003804
1602868774,0.000594
1602868775,0.007133
1602868776,0.003064
1602868777,0.004517
1602868778,0.000731
1602868779,0.000567
1602868780,0.004494
1602868781,0.004316
1602868782,0.003297
1602868783,0.001595
1602868784,0.000709
1602868785,0.000221
1602868786,0.000421
1602868787,0.000646
1602868788,0.00343
1602868789,0.004881
1602868790,0.001598
1602868791,0.001321
1602868792,0.005664
1602868793,0.001722
1602868794,0.004569
1602868795,0.00136
1602868796,0.000624
1602868797,0.005602
1602868798,0.001293
1602868799,0.004678
1602868800,0.002516
1602868801,-0.015857
1602868801,0.001116
1602868802,0.005353
1602868803,0.001486
1602868804,0.001101
1602868805,0.00598
1602868806,0.001953
1602868807,0.00322
1602868808,0.001764
1602868809,0.003833
1602868810,0.00187
1602868811,0.002914
1602868812,0.001049
1602868813,0.005505
1602868814,0.00549
1602868815,0.000471
1602868816,0.004153
1602868817,0.001083
1602868818,0.003163
1602868819,0.000814
1602868820,0.004992
1602868821,0.001481
1602868822,0.002227
1602868823,0.000581
1602868824,0.000709
1602868825,0.000518
1602868826,0.005149
1602868827,0.000976
1602868828,0.003864
1602868829,0.001704
1602868830,0.00079
1602868831,-0.023966
1602868831,0.004964
1602868832,0.004237
1602868833,0.000959
1602868834,0.000612
1602868835,0.000641
1602868836,0.002534
1602868837,0.001595
1602868838,0.002916
1602868839,0.001675
1602868840,0.005513
1602868841,0.004181
1602868842,0.004088
1602868843,0.001866
1602868844,0.000448
1602868845,0.004415
1602868846,0.001569
1602868847,0.001006
1602868848,0.001773
1602868849,0.011027
1602868850,0.002604
1602868851,0.004186
1602868852,0.003002
1602868853,0.002334
1602868854,0.002095
1602868855,0.000994
1602868856,0.004331
1602868857,0.000462
1602868858,0.002315
1602868859,0.000849
1602868860,0.001464
1602868861,-0.014544
1602868861,0.001185
1602868862,0.001727
1602868863,0.001789
1602868864,0.005248
1602868865,0.001813
1602868866,0.001534
1602868867,0.001574
1602868868,0.002121
1602868869,0.005504
1602868870,0.003802
1602868871,0.002451
1602868872,0.00263
1602868873,0.001387
1602868874,0.000477
1602868875,0.005159
1602868876,0.003265
1602868877,0.001067
1602868878,0.005313
1602868879,0.005311
1602868880,0.001076
1602868881,0.004661
1602868882,0.001272
1602868883,0.000497
1602868884,0.000477
1602868885,0.001302
1602868886,0.002133
1602868887,0.003139
1602868888,0.005308
1602868889,0.002401
1602868890,0.004629
1602868891,-0.014047
1602868891,0.003395
1602868892,0.0079
1602868893,0.000593
1602868894,0.001551
1602868895,0.000844
1602868896,0.000424
1602868897,0.000694
1602868898,0.00052
1602868899,0.000488
1602868900,0.001066
1602868901,0.000285
1602868902,0.001448
1602868903,0.000715
1602868904,0.002847
1602868905,0.005539
1602868906,0.000528
1602868907,0.000934
1602868908,0.000901
1602868909,0.003715
1602868910,0.004397
1602868911,0.00532
1602868912,0.001874
1602868913,0.00245
1602868914,0.000912
1602868915,0.004015
1602868916,0.00447
1602868917,0.003243
1602868918,0.000387
1602868919,0.002376
1602868920,0.004935
1602868921,-0.018478
1602868921,0.004672
1602868922,0.000405
1602868923,0.000288
1602868924,0.003504
1602868925,0.057189
1602868926,0.001251
1602868927,0.000614
1602868928,0.000511
1602868929,0.000648
1602868930,0.001094
1602868931,0.00174
1602868932,0.001913
1602868933,0.001239
1602868934,0.000865
1602868935,0.000861
1602868936,0.000641
1602868937,0.00054
1602868938,0.001994
1602868939,0.001417
1602868940,0.002361
1602868941,0.003221
1602868942,0.001753
1602868943,0.000641
1602868944,0.005512
1602868945,0.001678
1602868946,0.003423
1602868947,0.000525
1602868948,0.000554
1602868949,0.00227
1602868950,0.001591
1602868951,-0.018725
1602868951,0.003088
1602868952,0.00045
1602868953,0.000277
1602868954,0.003314
1602868955,0.000938
1602868956,0.004997
1602868957,0.000305
1602868958,0.00054
1602868959,0.001779
1602868960,0.00492
1602868961,0.000689
1602868962,0.001231
1602868963,0.004268
1602868964,0.000432
1602868965,0.001233
1602868966,0.0041
1602868967,0.000752
1602868968,0.003973
1602868969,0.0006
1602868970,0.000515
1602868971,0.001213
1602868972,0.000534
1602868973,0.000502
1602868974,0.000379
1602868975,0.005058
1602868976,0.000681
1602868977,0.001137
1602868978,0.004156
1602868979,0.00193
1602868980,0.001454
1602868981,-0.015976
1602868981,0.002473
1602868982,0.0005
1602868983,0.001426
1602868984,0.002952
1602868985,0.000959
1602868986,0.003139
1602868987,0.002452
1602868988,0.002705
1602868989,0.000396
1602868990,0.005795
1602868991,0.001905
1602868992,0.000748
1602868993,0.00089
1602868994,0.002636
1602868995,0.000398
1602868996,0.00296
1602868997,0.00073
1602868998,0.000837
1602868999,0.003428
1602869000,0.000985
1602869001,0.000438
1602869002,0.001428
1602869003,0.005603
1602869004,0.004067
1602869005,0.00571
1602869006,0.002443
1602869007,0.002933
1602869008,0.003412
1602869009,0.005063
1602869010,0.001452
1602869011,-0.01794
1602869011,0.001839
1602869012,0.000682
1602869013,0.000258
1602869014,0.000579
1602869015,0.002684
1602869016,0.002122
1602869017,0.005332
1602869018,0.004065
1602869019,0.000887
1602869020,0.00256
1602869021,0.002293
1602869022,0.000781
1602869023,0.001248
1602869024,0.002083
1602869025,0.003392
1602869026,0.001478
1602869027,0.000342
1602869028,0.002449
1602869029,0.13699
1602869030,0.000644
1602869031,0.0016
1602869032,0.006152
1602869033,0.001165
1602869034,0.005555
1602869035,0.003145
1602869036,0.003142
1602869037,0.002111
1602869038,0.001088
1602869039,0.001624
1602869040,0.002178
1602869041,-0.019322
1602869041,0.000721
1602869042,0.004597
1602869043,0.001424
1602869044,0.003232
1602869045,0.002437
1602869046,0.002538
1602869047,0.000452
1602869048,0.005864
1602869049,0.000471
1602869050,0.001534
1602869051,0.00136
1602869052,0.0005
1602869053,0.002963
1602869054,0.002904
1602869055,0.001386
1602869056,0.000388
1602869057,0.005688
1602869058,0.001566
1602869059,0.000391
1602869060,0.00561
1602869061,0.00237
1602869062,0.003965
1602869063,0.005297
1602869064,0.137884
1602869065,0.00054
1602869066,0.0037
1602869067,0.002121
1602869068,0.000389
1602869069,0.000717
1602869070,0.000391
1602869071,-0.014716
1602869071,0.000311
1602869072,0.000304
1602869073,0.001684
1602869074,0.000948
1602869075,0.002174
1602869076,0.000536
1602869077,0.001364
1602869078,0.001974
1602869079,0.001242
1602869080,0.001789
1602869081,0.001584
1602869082,0.001655
1602869083,0.00218
1602869084,0.001554
1602869085,0.001091
1602869086,0.000455
1602869087,0.000448
1602869088,0.002144
1602869089,0.000762
1602869090,0.002317
1602869091,0.001166
1602869092,0.000662
1602869093,0.002487
1602869094,0.001203
1602869095,0.001863
1602869096,0.000455
1602869097,0.000674
1602869098,0.001889
1602869099,0.001437
1602869100,0.001649
1602869101,-0.02203
1602869101,0.000571
1602869102,0.001093
1602869103,0.000378
1602869104,0.001967
1602869105,0.000572
1602869106,0.001258
1602869107,0.000628
1602869108,0.002878
1602869109,0.000938
1602869110,0.001193
1602869111,0.00256
1602869112,0.003098
1602869113,0.003265
1602869114,0.002394
1602869115,0.003332
1602869116,0.003136
1602869117,0.001325
1602869118,0.002545
1602869119,0.004489
1602869120,0.000967
1602869121,0.002025
1602869122,0.002879
1602869123,0.000484
1602869124,0.001252
1602869125,0.000484
1602869126,0.003528
1602869127,0.002988
1602869128,0.001737
1602869129,0.000854
1602869130,0.000401
1602869131,-0.019692
1602869131,0.000729
1602869132,0.000504
1602869133,0.000581
1602869134,0.003493
1602869135,0.002389
1602869136,0.00241
1602869137,0.001563
1602869138,0.00213
1602869139,0.003249
1602869140,0.001186
1602869141,0.001296
1602869142,0.001531
1602869143,0.005455
1602869144,0.000718
1602869145,0.001437
1602869146,0.005648
1602869147,0.002569
1602869148,0.002463
1602869149,0.000443
1602869150,0.000736
1602869151,0.004232
1602869152,0.00145
1602869153,0.001257
1602869154,0.000754
1602869155,0.003788
1602869156,0.000748
1602869157,0.005535
1602869158,0.00237
1602869159,0.002819
1602869160,0.000723
1602869161,-0.015204
1602869161,0.003728
1602869162,0.002576
1602869163,0.005524
1602869164,0.002052
1602869165,0.001986
1602869166,0.004538
1602869167,0.001622
1602869168,0.003779
1602869169,0.005609
1602869170,0.001312
1602869171,0.004977
1602869172,0.004734
1602869173,0.002297
1602869174,0.002197
1602869175,0.00231
1602869176,0.002364
1602869177,0.000663
1602869178,0.002427
1602869179,0.000543
1602869180,0.000818
1602869181,0.003788
1602869182,0.000732
1602869183,0.001428
1602869184,0.000786
1602869185,0.000402
1602869186,0.002247
1602869187,0.002327
1602869188,0.000322
1602869189,0.000353
1602869190,0.000715
1602869191,-0.019257
1602869191,0.000267
1602869192,0.000986
1602869193,0.002368
1602869194,0.002555
1602869195,0.001185
1602869196,0.00301
1602869197,0.004294
1602869198,0.000576
1602869199,0.004815
1602869200,0.003732
1602869201,0.001858
1602869202,0.00287
1602869203,0.000704
1602869204,0.000692
1602869205,0.001813
1602869206,0.00134
1602869207,0.000967
1602869208,0.003468
1602869209,0.000793
1602869210,0.002087
1602869211,0.002734
1602869212,0.002947
1602869213,0.002398
1602869214,0.005795
1602869215,0.002233
1602869216,0.004777
1602869217,0.001836
1602869218,0.001918
1602869219,0.000841
1602869220,0.004389
1602869221,-0.015676
1602869221,0.000794
1602869222,0.005843
1602869223,0.000768
1602869224,0.000905
1602869225,0.005475
1602869226,0.001431
1602869227,0.002199
1602869228,0.000361
1602869229,0.000983
1602869230,0.005114
1602869231,0.000537
1602869232,0.001615
1602869233,0.005128
1602869234,0.005162
1602869235,0.002439
1602869236,0.001473
1602869237,0.000414
1602869238,0.001023
1602869239,0.000758
1602869240,0.001074
1602869241,0.005733
1602869242,0.001317
1602869243,0.000458
1602869244,0.002825
1602869245,0.001377
1602869246,0.000698
1602869247,0.000947
1602869248,0.005031
1602869249,0.00418
1602869250,0.000495
1602869251,-0.016828
1602869251,0.001496
1602869252,0.006367
1602869253,0.000624
1602869254,0.002418
1602869255,0.001183
1602869256,0.004262
1602869257,0.000641
1602869258,0.001167
1602869259,0.003962
1602869260,0.000732
1602869261,0.000376
1602869262,0.001373
1602869263,0.001642
1602869264,0.001184
1602869265,0.001242
1602869266,0.000692
1602869267,0.002529
1602869268,0.005734
1602869269,0.001239
1602869270,0.006569
1602869271,0.005624
1602869272,0.000404
1602869273,0.001258
1602869274,0.000547
1602869275,0.001526
1602869276,0.003817
1602869277,0.001046
1602869278,0.006012
1602869279,0.001629
1602869280,0.000557
1602869281,-0.020059
1602869281,0.001872
1602869282,0.002532
1602869283,0.002287
1602869284,0.000374
1602869285,0.009524
1602869286,0.004468
1602869287,0.007028
1602869288,0.000706
1602869289,0.001471
1602869290,0.000426
1602869291,0.007601
1602869292,0.003521
1602869293,0.002345
1602869294,0.002527
1602869295,0.000416
1602869296,0.003712
1602869297,0.005382
1602869298,0.002046
1602869299,0.00127
1602869300,0.003367
1602869301,0.00138
1602869302,0.006601
1602869303,0.000877
1602869304,0.003358
1602869305,0.006281
1602869306,0.005349
1602869307,0.001095
1602869308,0.00288
1602869309,0.000664
1602869310,0.004539
1602869311,-0.014827
1602869311,0.000578
1602869312,0.004736
1602869313,0.002027
1602869314,0.00462
1602869315,0.006959
1602869316,0.001643
1602869317,0.000718
1602869318,0.001991
1602869319,0.00799
1602869320,0.009146
1602869321,0.008138
1602869322,0.007288
1602869323,0.004795
1602869324,0.001704
1602869325,0.00088
1602869326,0.004638
1602869327,0.007388
1602869328,0.002246
1602869329,0.003685
1602869330,0.001889
1602869331,0.002574
1602869332,0.002689
1602869333,0.003609
1602869334,0.000361
1602869335,0.002368
1602869336,0.010966
1602869337,0.000743
1602869338,0.002106
1602869339,0.000541
1602869340,0.001315
1602869341,-0.017944
1602869341,0.007157
1602869342,0.010538
1602869343,0.003042
1602869344,0.000933
1602869345,0.000457
1602869346,0.000418
1602869347,0.00786
1602869348,0.002309
1602869349,0.000576
1602869350,0.010573
1602869351,0.004146
1602869352,0.006446
1602869353,0.000764
1602869354,0.003504
1602869355,0.002072
1602869356,0.004063
1602869357,0.004065
1602869358,0.002585
1602869359,0.002242
1602869360,0.005674
1602869361,0.005923
1602869362,0.001921
1602869363,0.001047
1602869364,0.000932
1602869365,0.001151
1602869366,0.000555
1602869367,0.001285
1602869368,0.001638
1602869369,0.000474
1602869370,0.002855
1602869371,-0.011219
1602869371,0.004835
1602869372,0.006485
1602869373,0.002246
1602869374,0.00864
1602869375,0.003193
1602869376,0.010639
1602869377,0.007756
1602869378,0.00246
1602869379,0.004162
1602869380,0.001327
1602869381,0.006475
1602869382,0.006341
1602869383,0.001361
1602869384,0.001463
1602869385,0.002279
1602869386,0.000342
1602869387,0.001622
1602869388,0.001383
1602869389,0.006265
1602869390,0.007599
1602869391,0.001659
1602869392,0.003535
1602869393,0.005828
1602869394,0.005807
1602869395,0.003398
1602869396,0.002334
1602869397,0.003402
1602869398,0.003954
1602869399,0.002516
1602869400,0.001089
1602869401,-0.01314
1602869401,0.000615
1602869402,0.006795
1602869403,0.001995
1602869404,0.000908
1602869405,0.006545
1602869406,0.005448
1602869407,0.003059
1602869408,0.005434
1602869409,0.007875
1602869410,0.000593
1602869411,0.002557
1602869412,0.001693
1602869413,0.001033
1602869414,0.009572
1602869415,0.000863
1602869416,0.000739
1602869417,0.002546
1602869418,0.003015
1602869419,0.000983
1602869420,0.000795
1602869421,0.003372
1602869422,0.002897
1602869423,0.006619
1602869424,0.002401
1602869425,0.000546
1602869426,0.00378
1602869427,0.000856
1602869428,0.000287
1602869429,0.003531
1602869430,0.000479
1602869431,-0.019349
1602869431,0.008225
1602869432,0.000456
1602869433,0.003735
1602869434,0.010687
1602869435,0.004524
1602869436,0.001513
1602869437,0.003644
1602869438,0.005042
1602869439,0.004781
1602869440,0.008058
1602869441,0.000875
1602869442,0.001191
1602869443,0.002175
1602869444,0.009532
1602869445,0.00696
1602869446,0.002771
1602869447,0.002549
1602869448,0.00256
1602869449,0.000807
1602869450,0.003733
1602869451,0.000985
1602869452,0.001252
1602869453,0.010894
1602869454,0.003973
1602869455,0.000635
1602869456,0.000807
1602869457,0.001732
1602869458,0.006342
1602869459,0.002293
1602869460,0.000551
1602869461,-0.016672
1602869461,0.001007
1602869462,0.005283
1602869463,0.0004
1602869464,0.002701
1602869465,0.002398
1602869466,0.00572
1602869467,0.006531
1602869468,0.002876
1602869469,0.005576
1602869470,0.000459
1602869471,0.00258
1602869472,0.001922
1602869473,0.00023
1602869474,0.000491
1602869475,0.000866
1602869476,0.001062
1602869477,0.002395
1602869478,0.005579
1602869479,0.007403
1602869480,0.004541
1602869481,0.001634
1602869482,0.007625
1602869483,0.003524
1602869484,0.001561
1602869485,0.000476
1602869486,0.000946
1602869487,0.001566
1602869488,0.008027
1602869489,0.01059
1602869490,0.002609
1602869491,-0.01269
1602869491,0.002339
1602869492,0.001864
1602869493,0.00078
1602869494,0.002299
1602869495,0.004186
1602869496,0.001699
1602869497,0.002836
1602869498,0.006842
1602869499,0.001773
1602869500,0.005297
1602869501,0.002029
1602869502,0.002758
1602869503,0.002438
1602869504,0.004951
1602869505,0.008208
1602869506,0.001936
1602869507,0.003894
1602869508,0.001109
1602869509,0.002285
1602869510,0.005072
1602869511,0.003991
1602869512,0.001877
1602869513,0.000492
1602869514,0.001034
1602869515,0.000842
1602869516,0.000954
1602869517,0.000943
1602869518,0.010894
1602869519,0.002196
1602869520,0.00525
1602869521,-0.017908
1602869521,0.005332
1602869522,0.003476
1602869523,0.004351
1602869524,0.004085
1602869525,0.002924
1602869526,0.005927
1602869527,0.001167
1602869528,0.001397
1602869529,0.000478
1602869530,0.003989
1602869531,0.010692
1602869532,0.006731
1602869533,0.001489
1602869534,0.000377
1602869535,0.009902
1602869536,0.005461
1602869537,0.001998
1602869538,0.00071
1602869539,0.003452
1602869540,0.000859
1602869541,0.000897
1602869542,0.001483
1602869543,0.00083
1602869544,0.002917
1602869545,0.00355
1602869546,0.005669
1602869547,0.009119
1602869548,0.003091
1602869549,0.001344
1602869550,0.006431
1602869551,-0.012913
1602869551,0.000839
1602869552,0.002217
1602869553,0.001043
1602869554,0.002135
1602869555,0.003455
1602869556,0.003149
1602869557,0.002961
1602869558,0.008262
1602869559,0.000567
1602869560,0.005457
1602869561,0.000798
1602869562,0.004017
1602869563,0.004072
1602869564,0.004744
1602869565,0.000239
1602869566,0.0004
1602869567,0.004418
1602869568,0.007853
1602869569,0.004382
1602869570,0.001119
1602869571,0.00606
1602869572,0.00098
1602869573,0.000953
1602869574,0.007558
1602869575,0.001471
1602869576,0.001978
1602869577,0.002575
1602869578,0.004374
1602869579,0.008216
1602869580,0.007337
1602869581,-0.019547
1602869581,0.004338
1602869582,0.003596
1602869583,0.00353
1602869584,0.001381
1602869585,0.010278
1602869586,0.00109
1602869587,0.002574
1602869588,0.008503
1602869589,0.002288
1602869590,0.001614
1602869591,0.002952
1602869592,0.007
1602869593,0.003421
1602869594,0.000362
1602869595,0.003833
1602869596,0.001231
1602869597,0.001291
1602869598,0.002818
1602869599,0.006678
1602869600,0.00108
1602869601,0.003309
1602869602,0.001903
1602869603,0.000991
1602869604,0.001297
1602869605,0.003029
1602869606,0.002919
1602869607,0.007455
1602869608,0.001867
1602869609,0.004107
1602869610,0.006331
1602869611,-0.018671
1602869611,0.009439
1602869612,0.000678
1602869613,0.003471
1602869614,0.005605
1602869615,0.001663
1602869616,0.004642
1602869617,0.001543
1602869618,0.000471
1602869619,0.004912
1602869620,0.00427
1602869621,0.006743
1602869622,0.003823
1602869623,0.004927
1602869624,0.001511
1602869625,0.008457
1602869626,0.00069
1602869627,0.007249
1602869628,0.001476
1602869629,0.002253
1602869630,0.003849
1602869631,0.004888
1602869632,0.00169
1602869633,0.006027
1602869634,0.009485
1602869635,0.001004
1602869636,0.002472
1602869637,0.003174
1602869638,0.000509
1602869639,0.000277
1602869640,0.002477
1602869641,-0.02022
1602869641,0.001766
1602869642,0.008288
1602869643,0.003882
1602869644,0.002713
1602869645,0.000887
1602869646,0.006085
1602869647,0.006551
1602869648,0.001737
1602869649,0.002012
1602869650,0.009051
1602869651,0.000961
1602869652,0.000888
1602869653,0.00055
1602869654,0.000572
1602869655,0.008484
1602869656,0.00293
1602869657,0.001705
1602869658,0.003627
1602869659,0.001779
1602869660,0.002613
1602869661,0.009861
1602869662,0.005951
1602869663,0.002965
1602869664,0.001712
1602869665,0.00765
1602869666,0.004193
1602869667,0.000651
1602869668,0.000645
1602869669,0.006363
1602869670,0.001068
1602869671,-0.019189
1602869671,0.003395
1602869672,0.005843
1602869673,0.002626
1602869674,0.005558
1602869675,0.000727
1602869676,0.006813
1602869677,0.000999
1602869678,0.007136
1602869679,0.002341
1602869680,0.004055
1602869681,0.003381
1602869682,0.000451
1602869683,0.003341
1602869684,0.003447
1602869685,0.000765
1602869686,0.005543
1602869687,0.001736
1602869688,0.003383
1602869689,0.006639
1602869690,0.000973
1602869691,0.005483
1602869692,0.007316
1602869693,0.00487
1602869694,0.000598
1602869695,0.001117
1602869696,0.000708
1602869697,0.004341
1602869698,0.002519
1602869699,0.002898
1602869700,0.000586
1602869701,-0.012785
1602869701,0.000938
1602869702,0.013858
1602869703,0.003
1602869704,0.001485
1602869705,0.00513
1602869706,0.007451
1602869707,0.001271
1602869708,0.005066
1602869709,0.00702
1602869710,0.003195
1602869711,0.007258
1602869712,0.002484
1602869713,0.000606
1602869714,0.004165
1602869715,0.004174
1602869716,0.000737
1602869717,0.001359
1602869718,0.002349
1602869719,0.00038
1602869720,0.003411
1602869721,0.002765
1602869722,0.003418
1602869723,0.001688
1602869724,0.00057
1602869725,0.000757
1602869726,0.000869
1602869727,0.006615
1602869728,0.003359
1602869729,0.008896
1602869730,0.000947
1602869731,-0.011546
1602869731,0.000586
1602869732,0.001556
1602869733,0.002393
1602869734,0.002366
1602869735,0.000687
1602869736,0.002251
1602869737,0.010698
1602869738,0.006206
1602869739,0.00328
1602869740,0.002679
1602869741,0.000826
1602869742,0.005157
1602869743,0.009029
1602869744,0.001564
1602869745,0.002509
1602869746,0.004246
1602869747,0.004398
1602869748,0.000824
1602869749,0.004164
1602869750,0.006889
1602869751,0.002447
1602869752,0.01066
1602869753,0.005876
1602869754,0.001583
1602869755,0.00273
1602869756,0.000558
1602869757,0.003864
1602869758,0.003516
1602869759,0.00339
1602869760,0.001431
1602869761,-0.015547
1602869761,0.002134
1602869762,0.010804
1602869763,0.002717
1602869764,0.000908
1602869765,0.008153
1602869766,0.004717
1602869767,0.000328
1602869768,0.001898
1602869769,0.000737
1602869770,0.00175
1602869771,0.002472
1602869772,0.001712
1602869773,0.00156
1602869774,0.003745
1602869775,0.004191
1602869776,0.003162
1602869777,0.003887
1602869778,0.002431
1602869779,0.00538
1602869780,0.007415
1602869781,0.008665
1602869782,0.00687
1602869783,0.000981
1602869784,0.000812
1602869785,0.001646
1602869786,0.008573
1602869787,0.000716
1602869788,0.00493
1602869789,0.004762
1602869790,0.004948
1602869791,-0.017353
1602869791,0.002988
1602869792,0.001673
1602869793,0.003301
1602869794,0.000601
1602869795,0.000269
1602869796,0.003003
1602869797,0.000787
1602869798,0.005986
1602869799,0.000381
1602869800,0.007743
1602869801,0.001313
1602869802,0.000445
1602869803,0.002331
1602869804,0.003461
1602869805,0.000645
1602869806,0.001782
1602869807,0.001686
1602869808,0.000662
1602869809,0.00087
1602869810,0.001656
1602869811,0.001782
1602869812,0.000792
1602869813,0.007379
1602869814,0.001444
1602869815,0.002133
1602869816,0.007897
1602869817,0.001954
1602869818,0.001661
1602869819,0.000266
1602869820,0.001586
1602869821,-0.019357
1602869821,0.002225
1602869822,0.000436
1602869823,0.002975
1602869824,0.007207
1602869825,0.010083
1602869826,0.001054
1602869827,0.00835
1602869828,0.007143
1602869829,0.007862
1602869830,0.010066
1602869831,0.001343
1602869832,0.00181
1602869833,0.009244
1602869834,0.003029
1602869835,0.000956
1602869836,0.003524
1602869837,0.004859
1602869838,0.000509
1602869839,0.006496
1602869840,0.005694
1602869841,0.003615
1602869842,0.001148
1602869843,0.004787
1602869844,0.004971
1602869845,0.003106
1602869846,0.001687
1602869847,0.001051
1602869848,0.005825
1602869849,0.003197
1602869850,0.002931
1602869851,-0.018253
1602869851,0.001035
1602869852,0.000433
1602869853,0.000447
1602869854,0.006245
1602869855,0.006798
1602869856,0.00085
1602869857,0.006201
1602869858,0.000626
1602869859,0.002708
1602869860,0.002247
1602869861,0.002065
1602869862,0.000776
1602869863,0.003221
1602869864,0.003889
1602869865,0.007207
1602869866,0.005064
1602869867,0.008018
1602869868,0.006029
1602869869,0.006713
1602869870,0.002659
1602869871,0.001326
1602869872,0.001146
1602869873,0.004082
1602869874,0.003865
1602869875,0.004714
1602869876,0.007018
1602869877,0.00437
1602869878,0.000755
1602869879,0.002477
1602869880,0.000762
1602869881,-0.018582
1602869881,0.003668
1602869882,0.000843
1602869883,0.002688
1602869884,0.002804
1602869885,0.002816
1602869886,0.005019
1602869887,0.00347
1602869888,0.004519
1602869889,0.002796
1602869890,0.007992
1602869891,0.000831
1602869892,0.00089
1602869893,0.005924
1602869894,0.002729
1602869895,0.000798
1602869896,0.00674
1602869897,0.00458
1602869898,0.008155
1602869899,0.004013
1602869900,0.01015
1602869901,0.005907
1602869902,0.003702
1602869903,0.00046
1602869904,0.002739
1602869905,0.000669
1602869906,0.007684
1602869907,0.003883
1602869908,0.002392
1602869909,0.001834
1602869910,0.00173
1602869911,-0.018504
1602869911,0.003446
1602869912,0.005462
1602869913,0.000367
1602869914,0.003857
1602869915,0.00267
1602869916,0.007301
1602869917,0.00338
1602869918,0.00059
1602869919,0.001802
1602869920,0.009409
1602869921,0.006407
1602869922,0.008927
1602869923,0.004289
1602869924,0.000377
1602869925,0.002563
1602869926,0.000605
1602869927,0.000852
1602869928,0.002682
1602869929,0.003217
1602869930,0.003949
1602869931,0.000742
1602869932,0.003852
1602869933,0.001432
1602869934,0.000425
1602869935,0.002349
1602869936,0.000295
1602869937,0.009357
1602869938,0.000721
1602869939,0.002613
1602869940,0.001642
1602869941,-0.023263
1602869941,0.004941
1602869942,0.000618
1602869943,0.004168
1602869944,0.006297
1602869945,0.006623
1602869946,0.001466
1602869947,0.002665
1602869948,0.003
1602869949,0.005108
1602869950,0.000863
1602869951,0.004692
1602869952,0.000937
1602869953,0.004806
1602869954,0.004711
1602869955,0.001497
1602869956,0.002675
1602869957,0.001303
1602869958,0.001686
1602869959,0.001611
1602869960,0.003459
1602869961,0.000857
1602869962,0.006578
1602869963,0.003009
1602869964,0.000598
1602869965,0.000818
1602869966,0.002497
1602869967,0.008573
1602869968,0.000434
1602869969,0.000673
1602869970,0.009486
1602869971,-0.012083
1602869971,0.001835
1602869972,0.001448
1602869973,0.007448
1602869974,0.003869
1602869975,0.001101
1602869976,0.000839
1602869977,0.002445
1602869978,0.001772
1602869979,0.009064
1602869980,0.001036
1602869981,0.001216
1602869982,0.001765
1602869983,0.001513
1602869984,0.00175
1602869985,0.003894
1602869986,0.000873
1602869987,0.001781
1602869988,0.006276
1602869989,0.002171
1602869990,0.010892
1602869991,0.003843
1602869992,0.009288
1602869993,0.001905
1602869994,0.004575
1602869995,0.006069
1602869996,0.003041
1602869997,0.000769
1602869998,0.002137
1602869999,0.004434
1602870000,0.005537
1602870001,-0.020194
1602870001,0.003655
1602870002,0.003714
1602870003,0.004806
1602870004,0.000423
1602870005,0.007206
1602870006,0.002169
1602870007,0.009946
1602870008,0.007562
1602870009,0.011071
1602870010,0.001454
1602870011,0.007092
1602870012,0.000155
1602870013,0.001288
1602870014,0.006167
1602870015,0.001704
1602870016,0.005395
1602870017,0.000952
1602870018,0.006466
1602870019,0.007499
1602870020,0.002231
1602870021,0.007804
1602870022,0.007592
1602870023,0.001625
1602870024,0.004513
1602870025,0.000459
1602870026,0.004481
1602870027,0.002998
1602870028,0.002487
1602870029,0.004678
1602870030,0.010808
1602870031,-0.017462
1602870031,0.003636
1602870032,0.002178
1602870033,0.000781
1602870034,0.010381
1602870035,0.00126
1602870036,0.000489
1602870037,0.002572
1602870038,0.00876
1602870039,0.001062
1602870040,0.008457
1602870041,0.002349
1602870042,0.004789
1602870043,0.00445
1602870044,0.005121
1602870045,0.004578
1602870046,0.002811
1602870047,0.004779
1602870048,0.000735
1602870049,0.001101
1602870050,0.001315
1602870051,0.000612
1602870052,0.001046
1602870053,0.002229
1602870054,0.005097
1602870055,0.005673
1602870056,0.00139
1602870057,0.006369
1602870058,0.003141
1602870059,0.001078
1602870060,0.004595
1602870061,-0.018347
1602870061,0.001841
1602870062,0.005409
1602870063,0.000697
1602870064,0.002368
1602870065,0.003543
1602870066,0.005822
1602870067,0.004977
1602870068,0.001053
1602870069,0.002254
1602870070,0.00135
1602870071,0.000761
1602870072,0.0012
1602870073,0.002867
1602870074,0.003303
1602870075,0.003182
1602870076,0.000771
1602870077,0.00192
1602870078,0.006922
1602870079,0.00389
1602870080,0.003413
1602870081,0.002991
1602870082,0.001275
1602870083,0.010762
1602870084,0.003318
1602870085,0.002612
1602870086,0.004975
1602870087,0.000765
1602870088,0.001282
1602870089,0.000764
1602870090,0.002107
1602870091,-0.019734
1602870091,0.00098
1602870092,0.000815
1602870093,0.003544
1602870094,0.000292
1602870095,0.000609
1602870096,0.007868
1602870097,0.001761
1602870098,0.009258
1602870099,0.00573
1602870100,0.002393
1602870101,0.010687
1602870102,0.001348
1602870103,0.005089
1602870104,0.007553
1602870105,0.003338
1602870106,0.001087
1602870107,0.001493
1602870108,0.008256
1602870109,0.007752
1602870110,0.002699
1602870111,0.004253
1602870112,0.002998
1602870113,0.004528
1602870114,0.001549
1602870115,0.00315
1602870116,0.003429
1602870117,0.004126
1602870118,0.001454
1602870119,0.005372
1602870120,0.002286
1602870121,-0.016495
1602870121,0.001486
1602870122,0.005546
1602870123,0.004154
1602870124,0.004142
1602870125,0.001086
1602870126,0.002358
1602870127,0.001531
1602870128,0.003439
1602870129,0.00044
1602870130,0.000594
1602870131,0.006281
1602870132,0.00462
1602870133,0.002261
1602870134,0.001818
1602870135,0.001241
1602870136,0.000389
1602870137,0.003846
1602870138,0.004432
1602870139,0.010408
1602870140,0.000535
1602870141,0.005552
1602870142,0.006184
1602870143,0.004124
1602870144,0.001905
1602870145,0.002266
1602870146,0.001602
1602870147,0.001243
1602870148,0.002259
1602870149,0.008397
1602870150,0.0043
1602870151,-0.019966
1602870151,0.002339
1602870152,0.002081
1602870153,0.001623
1602870154,0.006157
1602870155,0.004158
1602870156,0.001646
1602870157,0.000956
1602870158,0.001766
1602870159,0.006433
1602870160,0.010566
1602870161,0.002981
1602870162,0.001633
1602870163,0.009828
1602870164,0.008258
1602870165,0.00465
1602870166,0.004474
1602870167,0.003358
1602870168,0.003759
1602870169,0.003205
1602870170,0.001189
1602870171,0.002246
1602870172,0.007546
1602870173,0.009192
1602870174,0.010412
1602870175,0.000506
1602870176,0.005793
1602870177,0.003139
1602870178,0.001379
1602870179,0.002708
1602870180,0.002977
1602870181,-0.017134
1602870181,0.000586
1602870182,0.000253
1602870183,0.000461
1602870184,0.002952
1602870185,0.000325
1602870186,0.003856
1602870187,0.002058
1602870188,0.000285
1602870189,0.003742
1602870190,0.000764
1602870191,0.003677
1602870192,0.000992
1602870193,0.004123
1602870194,0.004975
1602870195,0.002237
1602870196,0.002808
1602870197,0.003634
1602870198,0.001996
1602870199,0.011109
1602870200,0.007932
1602870201,0.009255
1602870202,0.009215
1602870203,0.000653
1602870204,0.000908
1602870205,0.00332
1602870206,0.000981
1602870207,0.000715
1602870208,0.006583
1602870209,0.007886
1602870210,0.010806
1602870211,-0.0137
1602870211,0.001883
1602870212,0.001723
1602870213,0.010612
1602870214,0.00436
1602870215,0.001044
1602870216,0.002331
1602870217,0.002042
1602870218,0.003018
1602870219,0.001336
1602870220,0.008116
1602870221,0.008113
1602870222,0.005904
1602870223,0.001144
1602870224,0.002165
1602870225,0.001136
1602870226,0.000652
1602870227,0.004158
1602870228,0.010901
1602870229,0.006207
1602870230,0.001062
1602870231,0.000972
1602870232,0.010204
1602870233,0.000815
1602870234,0.005282
1602870235,0.00217
1602870236,0.007342
1602870237,0.001945
1602870238,0.003933
1602870239,0.001798
1602870240,0.003489
1602870241,-0.013444
1602870241,0.006688
1602870242,0.010353
1602870243,0.001524
1602870244,0.001074
1602870245,0.006115
1602870246,0.002697
1602870247,0.008492
1602870248,0.005101
1602870249,0.000811
1602870250,0.002769
1602870251,0.002615
1602870252,0.002527
1602870253,0.005759
1602870254,0.004833
1602870255,0.001112
1602870256,0.002259
1602870257,0.004058
1602870258,0.008222
1602870259,0.003278
1602870260,0.010566
1602870261,0.004203
1602870262,0.006589
1602870263,0.001838
1602870264,0.007555
1602870265,0.005262
1602870266,0.003827
1602870267,0.00025
1602870268,0.004379
1602870269,0.001094
1602870270,0.004235
1602870271,-0.01407
1602870271,0.001579
1602870272,0.000429
1602870273,0.004111
1602870274,0.001434
1602870275,0.010831
1602870276,0.001054
1602870277,0.002057
1602870278,0.001613
1602870279,0.004808
1602870280,0.001539
1602870281,0.005494
1602870282,0.002589
1602870283,0.006958
1602870284,0.00567
1602870285,0.001892
1602870286,0.005722
1602870287,0.003957
1602870288,0.001792
1602870289,0.001667
1602870290,0.004768
1602870291,0.001173
1602870292,0.004747
1602870293,0.002728
1602870294,0.001018
1602870295,0.004936
1602870296,0.002788
1602870297,0.001138
1602870298,0.001888
1602870299,0.00274
1602870300,0.001876
1602870301,-0.020229
1602870301,0.00846
1602870302,0.002394
1602870303,0.001788
1602870304,0.00036
1602870305,0.000828
1602870306,0.003009
1602870307,0.001722
1602870308,0.008742
1602870309,0.004777
1602870310,0.006387
1602870311,0.001288
1602870312,0.001205
1602870313,0.010209
1602870314,0.005248
1602870315,0.003915
1602870316,0.001213
1602870317,0.007892
1602870318,0.010877
1602870319,0.00097
1602870320,0.000429
1602870321,0.005836
1602870322,0.002921
1602870323,0.0023
1602870324,0.008754
1602870325,0.005315
1602870326,0.003829
1602870327,0.000735
1602870328,0.001862
1602870329,0.002797
1602870330,0.000687
1602870332,0.011068
1602870333,0.000904
1602870334,0.001084
1602870335,0.002178
1602870336,0.007515
1602870337,0.007545
1602870338,0.000788
1602870339,0.007371
1602870340,0.000533
1602870341,0.010532
1602870342,0.000352
1602870343,0.009055
1602870344,0.000466
1602870345,0.000891
1602870346,0.000596
1602870347,0.005006
1602870348,0.004629
1602870349,0.006957
1602870350,0.00034
1602870351,0.001102
1602870352,0.000629
1602870353,0.004559
1602870354,0.002127
1602870355,0.005942
1602870356,0.00039
1602870357,0.006184
1602870358,0.00739
1602870359,0.000781
1602870360,0.000477
1602870361,-0.016509
1602870361,0.000315
1602870362,0.006196
1602870363,0.008834
1602870364,0.006759
1602870365,0.009847
1602870366,0.005243
1602870367,0.000987
1602870368,0.00586
1602870369,0.00854
1602870370,0.000565
1602870371,0.001352
1602870372,0.003789
1602870373,0.005753
1602870374,0.006199
1602870375,0.004389
1602870376,0.017588
1602870377,0.007647
1602870378,0.002058
1602870379,0.003517
1602870380,0.001259
1602870381,0.001376
1602870382,0.005361
1602870383,0.006308
1602870384,0.006445
1602870385,0.004908
1602870386,0.006527
1602870387,0.001263
1602870388,0.001009
1602870389,0.00086
1602870390,0.004128
1602870391,-0.019878
1602870391,0.003588
1602870392,0.002327
1602870393,0.003183
1602870394,0.000545
1602870395,0.002103
1602870396,0.000577
1602870397,0.000642
1602870398,0.000711
1602870399,0.005218
1602870400,0.003746
1602870401,0.003867
1602870402,0.00985
1602870403,0.000717
1602870404,0.000738
1602870405,0.006617
1602870406,0.002046
1602870407,0.0005
1602870408,0.001073
1602870409,0.004184
1602870410,0.003739
1602870411,0.002689
1602870412,0.001021
1602870413,0.000728
1602870414,0.003723
1602870415,0.008122
1602870416,0.003018
1602870417,0.006863
1602870418,0.003766
1602870419,0.001008
1602870420,0.00365
1602870421,-0.018342
1602870421,0.001259
1602870422,0.000933
1602870423,0.004273
1602870424,0.003098
1602870425,0.001076
1602870426,0.001735
1602870427,0.001597
1602870428,0.003051
1602870429,0.007085
1602870430,0.000464
1602870431,0.002373
1602870432,0.001158
1602870433,0.002231
1602870434,0.000854
1602870435,0.00078
1602870436,0.005129
1602870437,0.003184
1602870438,0.001999
1602870439,0.002047
1602870440,0.000486
1602870441,0.000784
1602870442,0.010614
1602870443,0.003296
1602870444,0.032356
1602870445,0.000554
1602870446,0.001751
1602870447,0.001976
1602870448,0.0029
1602870449,0.002386
1602870450,0.005865
1602870451,-0.018583
1602870451,0.006181
1602870452,0.004216
1602870453,0.003343
1602870454,0.00228
1602870455,0.002784
1602870456,0.005071
1602870457,0.000464
1602870458,0.002506
1602870459,0.002607
1602870460,0.003048
1602870461,0.00745
1602870462,0.001112
1602870463,0.001853
1602870464,0.007939
1602870465,0.003797
1602870466,0.006267
1602870467,0.002798
1602870468,0.000421
1602870469,0.002933
1602870470,0.002516
1602870471,0.00589
1602870472,0.007383
1602870473,0.006872
1602870474,0.002988
1602870475,0.000743
1602870476,0.00294
1602870477,0.004882
1602870478,0.001264
1602870479,0.000445
1602870480,0.000439
1602870481,-0.016262
1602870481,0.001193
1602870482,0.005565
1602870483,0.00209
1602870484,0.003715
1602870485,0.002971
1602870486,0.007433
1602870487,0.009966
1602870488,0.005175
1602870489,0.003693
1602870490,0.004962
1602870491,0.001532
1602870492,0.002361
1602870493,0.00438
1602870494,0.000839
1602870495,0.011013
1602870496,0.002755
1602870497,0.001802
1602870498,0.001066
1602870499,0.001085
1602870500,0.010201
1602870501,0.008542
1602870502,0.004845
1602870503,0.001362
1602870504,0.00223
1602870505,0.001998
1602870506,0.004182
1602870507,0.000709
1602870508,0.002408
1602870509,0.001923
1602870510,0.010195
1602870511,-0.015762
1602870511,0.001785
1602870512,0.001062
1602870513,0.000998
1602870514,0.002419
1602870515,0.001705
1602870516,0.006391
1602870517,0.000795
1602870518,0.001335
1602870519,0.002054
1602870520,0.000429
1602870521,0.001442
1602870522,0.002911
1602870523,0.002169
1602870524,0.000536
1602870525,0.000338
1602870526,0.004937
1602870527,0.005636
1602870528,0.002474
1602870529,0.001519
1602870530,0.00259
1602870531,0.000805
1602870532,0.001508
1602870533,0.003634
1602870534,0.005948
1602870535,0.001945
1602870536,0.005644
1602870537,0.001214
1602870538,0.000593
1602870539,0.000584
1602870540,0.003091
1602870541,-0.020043
1602870541,0.002735
1602870542,0.005852
1602870543,0.001935
1602870544,0.003689
1602870545,0.009878
1602870546,0.003346
1602870547,0.003852
1602870548,0.007941
1602870549,0.000588
1602870550,0.00778
1602870551,0.00277
1602870552,0.003206
1602870553,0.008148
1602870554,0.000556
1602870555,0.005067
1602870556,0.005002
1602870557,0.009276
1602870558,0.000833
1602870559,0.010997
1602870560,0.000516
1602870561,0.000287
1602870562,0.001989
1602870563,0.000752
1602870564,0.00707
1602870565,0.002237
1602870566,0.005386
1602870567,0.005961
1602870568,0.001401
1602870569,0.007045
1602870570,0.007954
1602870571,-0.016387
1602870571,0.001128
1602870572,0.002582
1602870573,0.004484
1602870574,0.001991
1602870575,0.002156
1602870576,0.00284
1602870577,0.002639
1602870578,0.008235
1602870579,0.010467
1602870580,0.00914
1602870581,0.006221
1602870582,0.004203
1602870583,0.002398
1602870584,0.001952
1602870585,0.00128
1602870586,0.00049
1602870587,0.001928
1602870588,0.004486
1602870589,0.004898
1602870590,0.001908
1602870591,0.001521
1602870592,0.006028
1602870593,0.001088
1602870594,0.000995
1602870595,0.007483
1602870596,0.006626
1602870597,0.000485
1602870598,0.00148
1602870599,0.002999
1602870600,0.000511
1602870601,-0.0172
1602870601,0.005858
1602870602,0.001004
1602870603,0.003335
1602870604,0.004851
1602870605,0.001059
1602870606,0.000309
1602870607,0.006673
1602870608,0.000426
1602870609,0.001945
1602870610,0.001713
1602870611,0.009232
1602870612,0.003416
1602870613,0.006832
1602870614,0.004731
1602870615,0.001978
1602870616,0.004357
1602870617,0.001007
1602870618,0.004077
1602870619,0.000779
1602870620,0.001704
1602870621,0.001698
1602870622,0.00087
1602870623,0.003736
1602870624,0.003059
1602870625,0.004659
1602870626,0.001773
1602870627,0.007107
1602870628,0.003336
1602870629,0.004106
1602870630,0.001304
1602870631,-0.009633
1602870631,0.002623
1602870632,0.001635
1602870633,0.000825
1602870634,0.00587
1602870635,0.001882
1602870636,0.001601
1602870637,0.00803
1602870638,0.006949
1602870639,0.00602
1602870640,0.003142
1602870641,0.005908
1602870642,0.003984
1602870643,0.0062
1602870644,0.000707
1602870645,0.003411
1602870646,0.000614
1602870647,0.001502
1602870648,0.000403
1602870649,0.002035
1602870650,0.003816
1602870651,0.011142
1602870652,0.009889
1602870653,0.0056
1602870654,0.000493
1602870655,0.000545
1602870656,0.005571
1602870657,0.003494
1602870658,0.002722
1602870659,0.001692
1602870660,0.00089
1602870661,-0.02124
1602870661,0.002115
1602870662,0.004015
1602870663,0.002298
1602870664,0.002435
1602870665,0.002798
1602870666,0.004544
1602870667,0.001421
1602870668,0.010936
1602870669,0.004187
1602870670,0.0037
1602870671,0.001098
1602870672,0.009119
1602870673,0.002386
1602870674,0.000797
1602870675,0.005477
1602870676,0.000382
1602870677,0.005156
1602870678,0.001394
1602870679,0.001657
1602870680,0.007238
1602870681,0.002194
1602870682,0.001576
1602870683,0.003491
1602870684,0.006331
1602870685,0.000619
1602870686,0.002043
1602870687,0.001131
1602870688,0.003721
1602870689,0.007476
1602870690,-0.018121
1602870690,0.002654
1602870691,0.003141
1602870692,0.005246
1602870693,0.001874
1602870694,0.000458
1602870695,0.007425
1602870696,0.004665
1602870697,0.001679
1602870698,0.000442
1602870699,0.004492
1602870700,0.000602
1602870701,0.000967
1602870702,0.00147
1602870703,0.00275
1602870704,0.000805
1602870705,0.001408
1602870706,0.002536
1602870707,0.005213
1602870708,0.000421
1602870709,0.000757
1602870710,0.005695
1602870711,0.004191
1602870712,0.00326
1602870713,0.001142
1602870714,0.001701
1602870715,0.002374
1602870716,0.001449
1602870717,0.005427
1602870718,0.00362
1602870719,0.004773
1602870720,-0.023887
1602870720,0.001289
1602870721,0.003631
1602870722,0.002363
1602870723,0.003464
1602870724,0.002435
1602870725,0.007572
1602870726,0.000504
1602870727,0.004913
1602870728,0.000519
1602870729,0.003216
1602870730,0.001174
1602870731,0.001188
1602870732,0.003098
1602870733,0.008883
1602870734,0.005318
1602870735,0.00345
1602870736,0.006058
1602870737,0.000676
1602870738,0.001098
1602870739,0.004472
1602870740,0.001524
1602870741,0.003104
1602870742,0.000276
1602870743,0.000519
1602870744,0.004262
1602870745,0.001442
1602870746,0.001023
1602870747,0.007164
1602870748,0.001378
1602870749,0.001523
1602870750,-0.010995
1602870750,0.001308
1602870751,0.008578
1602870752,0.010194
1602870753,0.001152
1602870754,0.000484
1602870755,0.001037
1602870756,0.002888
1602870757,0.003939
1602870758,0.006553
1602870759,0.000355
1602870760,0.008367
1602870761,0.003791
1602870762,0.003803
1602870763,0.007936
1602870764,0.001904
1602870765,0.005626
1602870766,0.000483
1602870767,0.00511
1602870768,0.004438
1602870769,0.002253
1602870770,0.008776
1602870771,0.000996
1602870772,0.003037
1602870773,0.001596
1602870774,0.001972
1602870775,0.001028
1602870776,0.000493
1602870777,0.00694
1602870778,0.005957
1602870779,0.003389
1602870780,-0.017955
1602870780,0.003578
1602870781,0.005919
1602870782,0.002049
1602870783,0.000497
1602870784,0.00067
1602870785,0.000869
1602870786,0.006228
1602870787,0.000762
1602870788,0.001952
1602870789,0.003873
1602870790,0.003026
1602870791,0.005799
1602870792,0.001512
1602870793,0.000652
1602870794,0.006625
1602870795,0.008162
1602870796,0.00152
1602870797,0.00114
1602870798,0.002303
1602870799,0.003003
1602870800,0.008204
1602870801,0.004361
1602870802,0.003724
1602870803,0.001405
1602870804,0.002959
1602870805,0.008703
1602870806,0.002658
1602870807,0.001773
1602870808,0.007379
1602870809,0.006024
1602870810,-0.015003
1602870810,0.000562
1602870811,0.009713
1602870812,0.002088
1602870813,0.005464
1602870814,0.00805
1602870815,0.003653
1602870816,0.001916
1602870817,0.000707
1602870818,0.002352
1602870819,0.000787
1602870820,0.00232
1602870821,0.007563
1602870822,0.004384
1602870823,0.004424
1602870824,0.00034
1602870825,0.004147
1602870826,0.000477
1602870827,0.001437
1602870828,0.003836
1602870829,0.000872
1602870830,0.004084
1602870831,0.00497
1602870832,0.000501
1602870833,0.010599
1602870834,0.003991
1602870835,0.000778
1602870836,0.000937
1602870837,0.002524
1602870838,0.000894
1602870839,0.009511
1602870840,-0.020222
1602870840,0.003847
1602870841,0.006163
1602870842,0.004438
1602870843,0.006147
1602870844,0.004842
1602870845,0.000876
1602870846,0.008419
1602870847,0.002245
1602870848,0.001851
1602870849,0.008529
1602870850,0.005064
1602870851,0.001119
1602870852,0.004982
1602870853,0.008803
1602870854,0.000651
1602870855,0.00599
1602870856,0.001768
1602870857,0.000948
1602870858,0.004957
1602870859,0.00153
1602870860,0.00252
1602870861,0.00088
1602870862,0.001316
1602870863,0.002846
1602870864,0.003949
1602870865,0.000462
1602870866,0.003196
1602870867,0.001012
1602870868,0.001031
1602870869,0.008044
1602870870,-0.020821
1602870870,0.004081
1602870871,0.003019
1602870872,0.003016
1602870873,0.002243
1602870874,0.002334
1602870875,0.001847
1602870876,0.003128
1602870877,0.005186
1602870878,0.002641
1602870879,0.001752
1602870880,0.000528
1602870881,0.000355
1602870882,0.003757
1602870883,0.00403
1602870884,0.001566
1602870885,0.004717
1602870886,0.002366
1602870887,0.002104
1602870888,0.008911
1602870889,0.00512
1602870890,0.000718
1602870891,0.001695
1602870892,0.002242
1602870893,0.001192
1602870894,0.003801
1602870895,0.010094
1602870896,0.000741
1602870897,0.010836
1602870898,0.001649
1602870899,0.003113
1602870900,-0.017692
1602870900,0.004523
1602870901,0.000853
1602870902,0.004911
1602870903,0.005382
1602870904,0.005941
1602870905,0.010567
1602870906,0.000613
1602870907,0.000515
1602870908,0.000678
1602870909,0.001363
1602870910,0.002282
1602870911,0.001498
1602870912,0.004487
1602870913,0.001547
1602870914,0.004285
1602870915,0.010716
1602870916,0.00134
1602870917,0.010189
1602870918,0.001881
1602870919,0.001348
1602870920,0.00258
1602870921,0.000801
1602870922,0.002086
1602870923,0.005056
1602870924,0.00052
1602870925,0.000989
1602870926,0.004903
1602870927,0.001027
1602870928,0.006948
1602870929,0.000686
1602870930,-0.019335
1602870930,0.005036
1602870931,0.005908
1602870932,0.002146
1602870933,0.002628
1602870934,0.001337
1602870935,0.006246
1602870936,0.005541
1602870937,0.009625
1602870938,0.002708
1602870939,0.002322
1602870940,0.003811
1602870941,0.000429
1602870942,0.007831
1602870943,0.005546
1602870944,0.000906
1602870945,0.000672
1602870946,0.000774
1602870947,0.001656
1602870948,0.002517
1602870949,0.000549
1602870950,0.003278
1602870951,0.009763
1602870952,0.001328
1602870953,0.006975
1602870954,0.001303
1602870955,0.002295
1602870956,0.003125
1602870957,0.004263
1602870958,0.001207
1602870959,0.002248
1602870960,-0.021474
1602870960,0.001403
1602870961,0.000896
1602870962,0.000564
1602870963,0.001068
1602870964,0.001542
1602870965,0.003684
1602870966,0.002769
1602870967,0.008634
1602870968,0.006727
1602870969,0.001827
1602870970,0.003309
1602870971,0.000532
1602870972,0.003064
1602870973,0.007686
1602870974,0.002777
1602870975,0.008107
1602870976,0.002642
1602870977,0.006471
1602870978,0.003257
1602870979,0.002683
1602870980,0.004913
1602870981,0.010868
1602870982,0.002582
1602870983,0.000898
1602870984,0.001906
1602870985,0.001465
1602870986,0.00074
1602870987,0.000981
1602870988,0.003728
1602870989,0.000536
1602870990,-0.018714
1602870990,0.002069
1602870991,0.002531
1602870992,0.001385
1602870993,0.000397
1602870994,0.003257
1602870995,0.004226
1602870996,0.002421
1602870997,0.005826
1602870998,0.004862
1602870999,0.00082
1602871000,0.000841
1602871001,0.000685
1602871002,0.002669
1602871003,0.00326
1602871004,0.007077
1602871005,0.005196
1602871006,0.010563
1602871007,0.00956
1602871008,0.000858
1602871009,0.000781
1602871010,0.001865
1602871011,0.001274
1602871012,0.005333
1602871013,0.004098
1602871014,0.000573
1602871015,0.005438
1602871016,0.002512
1602871017,0.004151
1602871018,0.006416
1602871019,0.007485
1602871020,-0.018566
1602871020,0.000504
1602871021,0.004454
1602871022,0.006691
1602871023,0.005485
1602871024,0.000677
1602871025,0.002681
1602871026,0.005557
1602871027,0.000407
1602871028,0.007227
1602871029,0.007806
1602871030,0.000528
1602871031,0.001585
1602871032,0.003871
1602871033,0.004253
1602871034,0.00358
1602871035,0.004373
1602871036,0.000796
1602871037,0.000546
1602871038,0.000307
1602871039,0.001559
1602871040,0.000643
1602871041,0.003532
1602871042,0.001113
1602871043,0.009488
1602871044,0.005619
1602871045,0.002564
1602871046,0.000504
1602871047,0.001251
1602871048,0.004021
1602871049,0.000905
1602871050,-0.016911
1602871050,0.002275
1602871051,0.006231
1602871052,0.000958
1602871053,0.00428
1602871054,0.002895
1602871055,0.001034
1602871056,0.005843
1602871057,0.004518
1602871058,0.007032
1602871059,0.000669
1602871060,0.002283
1602871061,0.00393
1602871062,0.002964
1602871063,0.000781
1602871064,0.008115
1602871065,0.000986
1602871066,0.010705
1602871067,0.004175
1602871068,0.005706
1602871069,0.000645
1602871070,0.000597
1602871071,0.00158
1602871072,0.009084
1602871073,0.009834
1602871074,0.004074
1602871075,0.004597
1602871076,0.001123
1602871077,0.000649
1602871078,0.004155
1602871079,0.092652
1602871080,-0.022043
1602871080,0.002479
1602871081,0.002782
1602871082,0.004723
1602871083,0.002042
1602871084,0.000885
1602871085,0.001741
1602871086,0.001323
1602871087,0.00123
1602871088,0.000995
1602871089,0.000575
1602871090,0.002149
1602871091,0.001689
1602871092,0.00476
1602871093,0.001563
1602871094,0.000531
1602871095,0.00307
1602871096,0.000608
1602871097,0.002347
1602871098,0.005459
1602871099,0.001146
1602871100,0.005607
1602871101,0.001736
